8400,10165,9482,8041,7939,7608,8304,8485,7278,7427,7556,7763,6995,6593,6766,6486,6120,6536,5462,5906,7147
10165,9482,8041,7939,7608,8304,8485,7278,7427,7556,7763,6995,6593,6766,6486,6120,6536,5462,5906,7147,6074
9482,8041,7939,7608,8304,8485,7278,7427,7556,7763,6995,6593,6766,6486,6120,6536,5462,5906,7147,6074,6038
8041,7939,7608,8304,8485,7278,7427,7556,7763,6995,6593,6766,6486,6120,6536,5462,5906,7147,6074,6038,5596
7939,7608,8304,8485,7278,7427,7556,7763,6995,6593,6766,6486,6120,6536,5462,5906,7147,6074,6038,5596,4529
7608,8304,8485,7278,7427,7556,7763,6995,6593,6766,6486,6120,6536,5462,5906,7147,6074,6038,5596,4529,5149
8304,8485,7278,7427,7556,7763,6995,6593,6766,6486,6120,6536,5462,5906,7147,6074,6038,5596,4529,5149,6640
8485,7278,7427,7556,7763,6995,6593,6766,6486,6120,6536,5462,5906,7147,6074,6038,5596,4529,5149,6640,7593
7278,7427,7556,7763,6995,6593,6766,6486,6120,6536,5462,5906,7147,6074,6038,5596,4529,5149,6640,7593,6264
7427,7556,7763,6995,6593,6766,6486,6120,6536,5462,5906,7147,6074,6038,5596,4529,5149,6640,7593,6264,6091
7556,7763,6995,6593,6766,6486,6120,6536,5462,5906,7147,6074,6038,5596,4529,5149,6640,7593,6264,6091,6504
7763,6995,6593,6766,6486,6120,6536,5462,5906,7147,6074,6038,5596,4529,5149,6640,7593,6264,6091,6504,6909
6995,6593,6766,6486,6120,6536,5462,5906,7147,6074,6038,5596,4529,5149,6640,7593,6264,6091,6504,6909,7803
6593,6766,6486,6120,6536,5462,5906,7147,6074,6038,5596,4529,5149,6640,7593,6264,6091,6504,6909,7803,6562
6766,6486,6120,6536,5462,5906,7147,6074,6038,5596,4529,5149,6640,7593,6264,6091,6504,6909,7803,6562,5600
6486,6120,6536,5462,5906,7147,6074,6038,5596,4529,5149,6640,7593,6264,6091,6504,6909,7803,6562,5600,6091
6120,6536,5462,5906,7147,6074,6038,5596,4529,5149,6640,7593,6264,6091,6504,6909,7803,6562,5600,6091,5959
6536,5462,5906,7147,6074,6038,5596,4529,5149,6640,7593,6264,6091,6504,6909,7803,6562,5600,6091,5959,6379
5462,5906,7147,6074,6038,5596,4529,5149,6640,7593,6264,6091,6504,6909,7803,6562,5600,6091,5959,6379,5898
5906,7147,6074,6038,5596,4529,5149,6640,7593,6264,6091,6504,6909,7803,6562,5600,6091,5959,6379,5898,6676
7147,6074,6038,5596,4529,5149,6640,7593,6264,6091,6504,6909,7803,6562,5600,6091,5959,6379,5898,6676,6058
6074,6038,5596,4529,5149,6640,7593,6264,6091,6504,6909,7803,6562,5600,6091,5959,6379,5898,6676,6058,5301
6038,5596,4529,5149,6640,7593,6264,6091,6504,6909,7803,6562,5600,6091,5959,6379,5898,6676,6058,5301,4311
5596,4529,5149,6640,7593,6264,6091,6504,6909,7803,6562,5600,6091,5959,6379,5898,6676,6058,5301,4311,4352
4529,5149,6640,7593,6264,6091,6504,6909,7803,6562,5600,6091,5959,6379,5898,6676,6058,5301,4311,4352,4004
5149,6640,7593,6264,6091,6504,6909,7803,6562,5600,6091,5959,6379,5898,6676,6058,5301,4311,4352,4004,4823
6640,7593,6264,6091,6504,6909,7803,6562,5600,6091,5959,6379,5898,6676,6058,5301,4311,4352,4004,4823,5664
7593,6264,6091,6504,6909,7803,6562,5600,6091,5959,6379,5898,6676,6058,5301,4311,4352,4004,4823,5664,5291
6264,6091,6504,6909,7803,6562,5600,6091,5959,6379,5898,6676,6058,5301,4311,4352,4004,4823,5664,5291,5017
6091,6504,6909,7803,6562,5600,6091,5959,6379,5898,6676,6058,5301,4311,4352,4004,4823,5664,5291,5017,5778
6504,6909,7803,6562,5600,6091,5959,6379,5898,6676,6058,5301,4311,4352,4004,4823,5664,5291,5017,5778,4107
6909,7803,6562,5600,6091,5959,6379,5898,6676,6058,5301,4311,4352,4004,4823,5664,5291,5017,5778,4107,3872
7803,6562,5600,6091,5959,6379,5898,6676,6058,5301,4311,4352,4004,4823,5664,5291,5017,5778,4107,3872,5120
6562,5600,6091,5959,6379,5898,6676,6058,5301,4311,4352,4004,4823,5664,5291,5017,5778,4107,3872,5120,5862
5600,6091,5959,6379,5898,6676,6058,5301,4311,4352,4004,4823,5664,5291,5017,5778,4107,3872,5120,5862,4861
6091,5959,6379,5898,6676,6058,5301,4311,4352,4004,4823,5664,5291,5017,5778,4107,3872,5120,5862,4861,5173
5959,6379,5898,6676,6058,5301,4311,4352,4004,4823,5664,5291,5017,5778,4107,3872,5120,5862,4861,5173,5614
6379,5898,6676,6058,5301,4311,4352,4004,4823,5664,5291,5017,5778,4107,3872,5120,5862,4861,5173,5614,4019
5898,6676,6058,5301,4311,4352,4004,4823,5664,5291,5017,5778,4107,3872,5120,5862,4861,5173,5614,4019,6558
6676,6058,5301,4311,4352,4004,4823,5664,5291,5017,5778,4107,3872,5120,5862,4861,5173,5614,4019,6558,4443
6058,5301,4311,4352,4004,4823,5664,5291,5017,5778,4107,3872,5120,5862,4861,5173,5614,4019,6558,4443,3980
5301,4311,4352,4004,4823,5664,5291,5017,5778,4107,3872,5120,5862,4861,5173,5614,4019,6558,4443,3980,4884
4311,4352,4004,4823,5664,5291,5017,5778,4107,3872,5120,5862,4861,5173,5614,4019,6558,4443,3980,4884,7562
4352,4004,4823,5664,5291,5017,5778,4107,3872,5120,5862,4861,5173,5614,4019,6558,4443,3980,4884,7562,6978
4004,4823,5664,5291,5017,5778,4107,3872,5120,5862,4861,5173,5614,4019,6558,4443,3980,4884,7562,6978,7453
4823,5664,5291,5017,5778,4107,3872,5120,5862,4861,5173,5614,4019,6558,4443,3980,4884,7562,6978,7453,7683
5664,5291,5017,5778,4107,3872,5120,5862,4861,5173,5614,4019,6558,4443,3980,4884,7562,6978,7453,7683,8347
5291,5017,5778,4107,3872,5120,5862,4861,5173,5614,4019,6558,4443,3980,4884,7562,6978,7453,7683,8347,7850
5017,5778,4107,3872,5120,5862,4861,5173,5614,4019,6558,4443,3980,4884,7562,6978,7453,7683,8347,7850,7069
5778,4107,3872,5120,5862,4861,5173,5614,4019,6558,4443,3980,4884,7562,6978,7453,7683,8347,7850,7069,7506
4107,3872,5120,5862,4861,5173,5614,4019,6558,4443,3980,4884,7562,6978,7453,7683,8347,7850,7069,7506,7800
3872,5120,5862,4861,5173,5614,4019,6558,4443,3980,4884,7562,6978,7453,7683,8347,7850,7069,7506,7800,8417
5120,5862,4861,5173,5614,4019,6558,4443,3980,4884,7562,6978,7453,7683,8347,7850,7069,7506,7800,8417,8109
5862,4861,5173,5614,4019,6558,4443,3980,4884,7562,6978,7453,7683,8347,7850,7069,7506,7800,8417,8109,7417
4861,5173,5614,4019,6558,4443,3980,4884,7562,6978,7453,7683,8347,7850,7069,7506,7800,8417,8109,7417,8318
5173,5614,4019,6558,4443,3980,4884,7562,6978,7453,7683,8347,7850,7069,7506,7800,8417,8109,7417,8318,6942
5614,4019,6558,4443,3980,4884,7562,6978,7453,7683,8347,7850,7069,7506,7800,8417,8109,7417,8318,6942,7089
4019,6558,4443,3980,4884,7562,6978,7453,7683,8347,7850,7069,7506,7800,8417,8109,7417,8318,6942,7089,6422
6558,4443,3980,4884,7562,6978,7453,7683,8347,7850,7069,7506,7800,8417,8109,7417,8318,6942,7089,6422,7878
4443,3980,4884,7562,6978,7453,7683,8347,7850,7069,7506,7800,8417,8109,7417,8318,6942,7089,6422,7878,8026
3980,4884,7562,6978,7453,7683,8347,7850,7069,7506,7800,8417,8109,7417,8318,6942,7089,6422,7878,8026,7408
4884,7562,6978,7453,7683,8347,7850,7069,7506,7800,8417,8109,7417,8318,6942,7089,6422,7878,8026,7408,7456
7562,6978,7453,7683,8347,7850,7069,7506,7800,8417,8109,7417,8318,6942,7089,6422,7878,8026,7408,7456,8552
6978,7453,7683,8347,7850,7069,7506,7800,8417,8109,7417,8318,6942,7089,6422,7878,8026,7408,7456,8552,8144
7453,7683,8347,7850,7069,7506,7800,8417,8109,7417,8318,6942,7089,6422,7878,8026,7408,7456,8552,8144,9695
7683,8347,7850,7069,7506,7800,8417,8109,7417,8318,6942,7089,6422,7878,8026,7408,7456,8552,8144,9695,10640
8347,7850,7069,7506,7800,8417,8109,7417,8318,6942,7089,6422,7878,8026,7408,7456,8552,8144,9695,10640,9098
7850,7069,7506,7800,8417,8109,7417,8318,6942,7089,6422,7878,8026,7408,7456,8552,8144,9695,10640,9098,11069
7069,7506,7800,8417,8109,7417,8318,6942,7089,6422,7878,8026,7408,7456,8552,8144,9695,10640,9098,11069,9978
7506,7800,8417,8109,7417,8318,6942,7089,6422,7878,8026,7408,7456,8552,8144,9695,10640,9098,11069,9978,9931
7800,8417,8109,7417,8318,6942,7089,6422,7878,8026,7408,7456,8552,8144,9695,10640,9098,11069,9978,9931,10372
8417,8109,7417,8318,6942,7089,6422,7878,8026,7408,7456,8552,8144,9695,10640,9098,11069,9978,9931,10372,10868
8109,7417,8318,6942,7089,6422,7878,8026,7408,7456,8552,8144,9695,10640,9098,11069,9978,9931,10372,10868,9536
7417,8318,6942,7089,6422,7878,8026,7408,7456,8552,8144,9695,10640,9098,11069,9978,9931,10372,10868,9536,9620
8318,6942,7089,6422,7878,8026,7408,7456,8552,8144,9695,10640,9098,11069,9978,9931,10372,10868,9536,9620,11131
6942,7089,6422,7878,8026,7408,7456,8552,8144,9695,10640,9098,11069,9978,9931,10372,10868,9536,9620,11131,9552
7089,6422,7878,8026,7408,7456,8552,8144,9695,10640,9098,11069,9978,9931,10372,10868,9536,9620,11131,9552,10940
6422,7878,8026,7408,7456,8552,8144,9695,10640,9098,11069,9978,9931,10372,10868,9536,9620,11131,9552,10940,11762
7878,8026,7408,7456,8552,8144,9695,10640,9098,11069,9978,9931,10372,10868,9536,9620,11131,9552,10940,11762,12179
8026,7408,7456,8552,8144,9695,10640,9098,11069,9978,9931,10372,10868,9536,9620,11131,9552,10940,11762,12179,12230
7408,7456,8552,8144,9695,10640,9098,11069,9978,9931,10372,10868,9536,9620,11131,9552,10940,11762,12179,12230,12985
7456,8552,8144,9695,10640,9098,11069,9978,9931,10372,10868,9536,9620,11131,9552,10940,11762,12179,12230,12985,12430
8552,8144,9695,10640,9098,11069,9978,9931,10372,10868,9536,9620,11131,9552,10940,11762,12179,12230,12985,12430,12085
8144,9695,10640,9098,11069,9978,9931,10372,10868,9536,9620,11131,9552,10940,11762,12179,12230,12985,12430,12085,12448
9695,10640,9098,11069,9978,9931,10372,10868,9536,9620,11131,9552,10940,11762,12179,12230,12985,12430,12085,12448,12511
10640,9098,11069,9978,9931,10372,10868,9536,9620,11131,9552,10940,11762,12179,12230,12985,12430,12085,12448,12511,11931
9098,11069,9978,9931,10372,10868,9536,9620,11131,9552,10940,11762,12179,12230,12985,12430,12085,12448,12511,11931,12177
11069,9978,9931,10372,10868,9536,9620,11131,9552,10940,11762,12179,12230,12985,12430,12085,12448,12511,11931,12177,11656
9978,9931,10372,10868,9536,9620,11131,9552,10940,11762,12179,12230,12985,12430,12085,12448,12511,11931,12177,11656,12030
9931,10372,10868,9536,9620,11131,9552,10940,11762,12179,12230,12985,12430,12085,12448,12511,11931,12177,11656,12030,13813
10372,10868,9536,9620,11131,9552,10940,11762,12179,12230,12985,12430,12085,12448,12511,11931,12177,11656,12030,13813,12314
10868,9536,9620,11131,9552,10940,11762,12179,12230,12985,12430,12085,12448,12511,11931,12177,11656,12030,13813,12314,14144
9536,9620,11131,9552,10940,11762,12179,12230,12985,12430,12085,12448,12511,11931,12177,11656,12030,13813,12314,14144,13988
9620,11131,9552,10940,11762,12179,12230,12985,12430,12085,12448,12511,11931,12177,11656,12030,13813,12314,14144,13988,13150
11131,9552,10940,11762,12179,12230,12985,12430,12085,12448,12511,11931,12177,11656,12030,13813,12314,14144,13988,13150,11548
9552,10940,11762,12179,12230,12985,12430,12085,12448,12511,11931,12177,11656,12030,13813,12314,14144,13988,13150,11548,10644
10940,11762,12179,12230,12985,12430,12085,12448,12511,11931,12177,11656,12030,13813,12314,14144,13988,13150,11548,10644,11675
11762,12179,12230,12985,12430,12085,12448,12511,11931,12177,11656,12030,13813,12314,14144,13988,13150,11548,10644,11675,13425
12179,12230,12985,12430,12085,12448,12511,11931,12177,11656,12030,13813,12314,14144,13988,13150,11548,10644,11675,13425,11417
12230,12985,12430,12085,12448,12511,11931,12177,11656,12030,13813,12314,14144,13988,13150,11548,10644,11675,13425,11417,10033
12985,12430,12085,12448,12511,11931,12177,11656,12030,13813,12314,14144,13988,13150,11548,10644,11675,13425,11417,10033,10587
12430,12085,12448,12511,11931,12177,11656,12030,13813,12314,14144,13988,13150,11548,10644,11675,13425,11417,10033,10587,13250
12085,12448,12511,11931,12177,11656,12030,13813,12314,14144,13988,13150,11548,10644,11675,13425,11417,10033,10587,13250,12739
12448,12511,11931,12177,11656,12030,13813,12314,14144,13988,13150,11548,10644,11675,13425,11417,10033,10587,13250,12739,12140
12511,11931,12177,11656,12030,13813,12314,14144,13988,13150,11548,10644,11675,13425,11417,10033,10587,13250,12739,12140,9729
11931,12177,11656,12030,13813,12314,14144,13988,13150,11548,10644,11675,13425,11417,10033,10587,13250,12739,12140,9729,10396
12177,11656,12030,13813,12314,14144,13988,13150,11548,10644,11675,13425,11417,10033,10587,13250,12739,12140,9729,10396,10459
11656,12030,13813,12314,14144,13988,13150,11548,10644,11675,13425,11417,10033,10587,13250,12739,12140,9729,10396,10459,9491
12030,13813,12314,14144,13988,13150,11548,10644,11675,13425,11417,10033,10587,13250,12739,12140,9729,10396,10459,9491,10411
13813,12314,14144,13988,13150,11548,10644,11675,13425,11417,10033,10587,13250,12739,12140,9729,10396,10459,9491,10411,11816
12314,14144,13988,13150,11548,10644,11675,13425,11417,10033,10587,13250,12739,12140,9729,10396,10459,9491,10411,11816,10164
14144,13988,13150,11548,10644,11675,13425,11417,10033,10587,13250,12739,12140,9729,10396,10459,9491,10411,11816,10164,10174
13988,13150,11548,10644,11675,13425,11417,10033,10587,13250,12739,12140,9729,10396,10459,9491,10411,11816,10164,10174,9597
13150,11548,10644,11675,13425,11417,10033,10587,13250,12739,12140,9729,10396,10459,9491,10411,11816,10164,10174,9597,9182
11548,10644,11675,13425,11417,10033,10587,13250,12739,12140,9729,10396,10459,9491,10411,11816,10164,10174,9597,9182,7983
10644,11675,13425,11417,10033,10587,13250,12739,12140,9729,10396,10459,9491,10411,11816,10164,10174,9597,9182,7983,8116
11675,13425,11417,10033,10587,13250,12739,12140,9729,10396,10459,9491,10411,11816,10164,10174,9597,9182,7983,8116,9560
13425,11417,10033,10587,13250,12739,12140,9729,10396,10459,9491,10411,11816,10164,10174,9597,9182,7983,8116,9560,11214
11417,10033,10587,13250,12739,12140,9729,10396,10459,9491,10411,11816,10164,10174,9597,9182,7983,8116,9560,11214,8935
10033,10587,13250,12739,12140,9729,10396,10459,9491,10411,11816,10164,10174,9597,9182,7983,8116,9560,11214,8935,7365
10587,13250,12739,12140,9729,10396,10459,9491,10411,11816,10164,10174,9597,9182,7983,8116,9560,11214,8935,7365,6977
13250,12739,12140,9729,10396,10459,9491,10411,11816,10164,10174,9597,9182,7983,8116,9560,11214,8935,7365,6977,5733
12739,12140,9729,10396,10459,9491,10411,11816,10164,10174,9597,9182,7983,8116,9560,11214,8935,7365,6977,5733,5314
12140,9729,10396,10459,9491,10411,11816,10164,10174,9597,9182,7983,8116,9560,11214,8935,7365,6977,5733,5314,4684
9729,10396,10459,9491,10411,11816,10164,10174,9597,9182,7983,8116,9560,11214,8935,7365,6977,5733,5314,4684,4552
10396,10459,9491,10411,11816,10164,10174,9597,9182,7983,8116,9560,11214,8935,7365,6977,5733,5314,4684,4552,4226
10459,9491,10411,11816,10164,10174,9597,9182,7983,8116,9560,11214,8935,7365,6977,5733,5314,4684,4552,4226,7072
9491,10411,11816,10164,10174,9597,9182,7983,8116,9560,11214,8935,7365,6977,5733,5314,4684,4552,4226,7072,5289
10411,11816,10164,10174,9597,9182,7983,8116,9560,11214,8935,7365,6977,5733,5314,4684,4552,4226,7072,5289,5954
11816,10164,10174,9597,9182,7983,8116,9560,11214,8935,7365,6977,5733,5314,4684,4552,4226,7072,5289,5954,4887
10164,10174,9597,9182,7983,8116,9560,11214,8935,7365,6977,5733,5314,4684,4552,4226,7072,5289,5954,4887,5169
10174,9597,9182,7983,8116,9560,11214,8935,7365,6977,5733,5314,4684,4552,4226,7072,5289,5954,4887,5169,5745
9597,9182,7983,8116,9560,11214,8935,7365,6977,5733,5314,4684,4552,4226,7072,5289,5954,4887,5169,5745,5908
9182,7983,8116,9560,11214,8935,7365,6977,5733,5314,4684,4552,4226,7072,5289,5954,4887,5169,5745,5908,4420
7983,8116,9560,11214,8935,7365,6977,5733,5314,4684,4552,4226,7072,5289,5954,4887,5169,5745,5908,4420,4768
8116,9560,11214,8935,7365,6977,5733,5314,4684,4552,4226,7072,5289,5954,4887,5169,5745,5908,4420,4768,5127
9560,11214,8935,7365,6977,5733,5314,4684,4552,4226,7072,5289,5954,4887,5169,5745,5908,4420,4768,5127,4355
11214,8935,7365,6977,5733,5314,4684,4552,4226,7072,5289,5954,4887,5169,5745,5908,4420,4768,5127,4355,4750
8935,7365,6977,5733,5314,4684,4552,4226,7072,5289,5954,4887,5169,5745,5908,4420,4768,5127,4355,4750,4639
7365,6977,5733,5314,4684,4552,4226,7072,5289,5954,4887,5169,5745,5908,4420,4768,5127,4355,4750,4639,4738
6977,5733,5314,4684,4552,4226,7072,5289,5954,4887,5169,5745,5908,4420,4768,5127,4355,4750,4639,4738,4424
5733,5314,4684,4552,4226,7072,5289,5954,4887,5169,5745,5908,4420,4768,5127,4355,4750,4639,4738,4424,4454
5314,4684,4552,4226,7072,5289,5954,4887,5169,5745,5908,4420,4768,5127,4355,4750,4639,4738,4424,4454,4838
4684,4552,4226,7072,5289,5954,4887,5169,5745,5908,4420,4768,5127,4355,4750,4639,4738,4424,4454,4838,4835
4552,4226,7072,5289,5954,4887,5169,5745,5908,4420,4768,5127,4355,4750,4639,4738,4424,4454,4838,4835,5142
4226,7072,5289,5954,4887,5169,5745,5908,4420,4768,5127,4355,4750,4639,4738,4424,4454,4838,4835,5142,4890
7072,5289,5954,4887,5169,5745,5908,4420,4768,5127,4355,4750,4639,4738,4424,4454,4838,4835,5142,4890,4638
5289,5954,4887,5169,5745,5908,4420,4768,5127,4355,4750,4639,4738,4424,4454,4838,4835,5142,4890,4638,4715
5954,4887,5169,5745,5908,4420,4768,5127,4355,4750,4639,4738,4424,4454,4838,4835,5142,4890,4638,4715,4688
4887,5169,5745,5908,4420,4768,5127,4355,4750,4639,4738,4424,4454,4838,4835,5142,4890,4638,4715,4688,4510
5169,5745,5908,4420,4768,5127,4355,4750,4639,4738,4424,4454,4838,4835,5142,4890,4638,4715,4688,4510,4225
5745,5908,4420,4768,5127,4355,4750,4639,4738,4424,4454,4838,4835,5142,4890,4638,4715,4688,4510,4225,4734
5908,4420,4768,5127,4355,4750,4639,4738,4424,4454,4838,4835,5142,4890,4638,4715,4688,4510,4225,4734,5138
4420,4768,5127,4355,4750,4639,4738,4424,4454,4838,4835,5142,4890,4638,4715,4688,4510,4225,4734,5138,5148
4768,5127,4355,4750,4639,4738,4424,4454,4838,4835,5142,4890,4638,4715,4688,4510,4225,4734,5138,5148,4137
5127,4355,4750,4639,4738,4424,4454,4838,4835,5142,4890,4638,4715,4688,4510,4225,4734,5138,5148,4137,4661
4355,4750,4639,4738,4424,4454,4838,4835,5142,4890,4638,4715,4688,4510,4225,4734,5138,5148,4137,4661,4434
4750,4639,4738,4424,4454,4838,4835,5142,4890,4638,4715,4688,4510,4225,4734,5138,5148,4137,4661,4434,4602
4639,4738,4424,4454,4838,4835,5142,4890,4638,4715,4688,4510,4225,4734,5138,5148,4137,4661,4434,4602,4317
4738,4424,4454,4838,4835,5142,4890,4638,4715,4688,4510,4225,4734,5138,5148,4137,4661,4434,4602,4317,4154
4424,4454,4838,4835,5142,4890,4638,4715,4688,4510,4225,4734,5138,5148,4137,4661,4434,4602,4317,4154,4347
4454,4838,4835,5142,4890,4638,4715,4688,4510,4225,4734,5138,5148,4137,4661,4434,4602,4317,4154,4347,4991
4838,4835,5142,4890,4638,4715,4688,4510,4225,4734,5138,5148,4137,4661,4434,4602,4317,4154,4347,4991,4772
4835,5142,4890,4638,4715,4688,4510,4225,4734,5138,5148,4137,4661,4434,4602,4317,4154,4347,4991,4772,4005
5142,4890,4638,4715,4688,4510,4225,4734,5138,5148,4137,4661,4434,4602,4317,4154,4347,4991,4772,4005,4394
4890,4638,4715,4688,4510,4225,4734,5138,5148,4137,4661,4434,4602,4317,4154,4347,4991,4772,4005,4394,3012
4638,4715,4688,4510,4225,4734,5138,5148,4137,4661,4434,4602,4317,4154,4347,4991,4772,4005,4394,3012,3894
4715,4688,4510,4225,4734,5138,5148,4137,4661,4434,4602,4317,4154,4347,4991,4772,4005,4394,3012,3894,3190
4688,4510,4225,4734,5138,5148,4137,4661,4434,4602,4317,4154,4347,4991,4772,4005,4394,3012,3894,3190,3183
4510,4225,4734,5138,5148,4137,4661,4434,4602,4317,4154,4347,4991,4772,4005,4394,3012,3894,3190,3183,3457
4225,4734,5138,5148,4137,4661,4434,4602,4317,4154,4347,4991,4772,4005,4394,3012,3894,3190,3183,3457,3856
4734,5138,5148,4137,4661,4434,4602,4317,4154,4347,4991,4772,4005,4394,3012,3894,3190,3183,3457,3856,4071
5138,5148,4137,4661,4434,4602,4317,4154,4347,4991,4772,4005,4394,3012,3894,3190,3183,3457,3856,4071,4175
5148,4137,4661,4434,4602,4317,4154,4347,4991,4772,4005,4394,3012,3894,3190,3183,3457,3856,4071,4175,3934
4137,4661,4434,4602,4317,4154,4347,4991,4772,4005,4394,3012,3894,3190,3183,3457,3856,4071,4175,3934,2331
4661,4434,4602,4317,4154,4347,4991,4772,4005,4394,3012,3894,3190,3183,3457,3856,4071,4175,3934,2331,3976
4434,4602,4317,4154,4347,4991,4772,4005,4394,3012,3894,3190,3183,3457,3856,4071,4175,3934,2331,3976,3690
4602,4317,4154,4347,4991,4772,4005,4394,3012,3894,3190,3183,3457,3856,4071,4175,3934,2331,3976,3690,3332
4317,4154,4347,4991,4772,4005,4394,3012,3894,3190,3183,3457,3856,4071,4175,3934,2331,3976,3690,3332,4155
4154,4347,4991,4772,4005,4394,3012,3894,3190,3183,3457,3856,4071,4175,3934,2331,3976,3690,3332,4155,4328
4347,4991,4772,4005,4394,3012,3894,3190,3183,3457,3856,4071,4175,3934,2331,3976,3690,3332,4155,4328,3639
4991,4772,4005,4394,3012,3894,3190,3183,3457,3856,4071,4175,3934,2331,3976,3690,3332,4155,4328,3639,3152
4772,4005,4394,3012,3894,3190,3183,3457,3856,4071,4175,3934,2331,3976,3690,3332,4155,4328,3639,3152,2551
4005,4394,3012,3894,3190,3183,3457,3856,4071,4175,3934,2331,3976,3690,3332,4155,4328,3639,3152,2551,3888
4394,3012,3894,3190,3183,3457,3856,4071,4175,3934,2331,3976,3690,3332,4155,4328,3639,3152,2551,3888,4361
3012,3894,3190,3183,3457,3856,4071,4175,3934,2331,3976,3690,3332,4155,4328,3639,3152,2551,3888,4361,3994
3894,3190,3183,3457,3856,4071,4175,3934,2331,3976,3690,3332,4155,4328,3639,3152,2551,3888,4361,3994,4357
3190,3183,3457,3856,4071,4175,3934,2331,3976,3690,3332,4155,4328,3639,3152,2551,3888,4361,3994,4357,3627
3183,3457,3856,4071,4175,3934,2331,3976,3690,3332,4155,4328,3639,3152,2551,3888,4361,3994,4357,3627,3457
3457,3856,4071,4175,3934,2331,3976,3690,3332,4155,4328,3639,3152,2551,3888,4361,3994,4357,3627,3457,5056
3856,4071,4175,3934,2331,3976,3690,3332,4155,4328,3639,3152,2551,3888,4361,3994,4357,3627,3457,5056,4950
4071,4175,3934,2331,3976,3690,3332,4155,4328,3639,3152,2551,3888,4361,3994,4357,3627,3457,5056,4950,4757
4175,3934,2331,3976,3690,3332,4155,4328,3639,3152,2551,3888,4361,3994,4357,3627,3457,5056,4950,4757,5099
3934,2331,3976,3690,3332,4155,4328,3639,3152,2551,3888,4361,3994,4357,3627,3457,5056,4950,4757,5099,4126
2331,3976,3690,3332,4155,4328,3639,3152,2551,3888,4361,3994,4357,3627,3457,5056,4950,4757,5099,4126,3677
3976,3690,3332,4155,4328,3639,3152,2551,3888,4361,3994,4357,3627,3457,5056,4950,4757,5099,4126,3677,4649
3690,3332,4155,4328,3639,3152,2551,3888,4361,3994,4357,3627,3457,5056,4950,4757,5099,4126,3677,4649,4739
3332,4155,4328,3639,3152,2551,3888,4361,3994,4357,3627,3457,5056,4950,4757,5099,4126,3677,4649,4739,4067
4155,4328,3639,3152,2551,3888,4361,3994,4357,3627,3457,5056,4950,4757,5099,4126,3677,4649,4739,4067,4011
4328,3639,3152,2551,3888,4361,3994,4357,3627,3457,5056,4950,4757,5099,4126,3677,4649,4739,4067,4011,3730
3639,3152,2551,3888,4361,3994,4357,3627,3457,5056,4950,4757,5099,4126,3677,4649,4739,4067,4011,3730,4862
3152,2551,3888,4361,3994,4357,3627,3457,5056,4950,4757,5099,4126,3677,4649,4739,4067,4011,3730,4862,5011
2551,3888,4361,3994,4357,3627,3457,5056,4950,4757,5099,4126,3677,4649,4739,4067,4011,3730,4862,5011,4458
3888,4361,3994,4357,3627,3457,5056,4950,4757,5099,4126,3677,4649,4739,4067,4011,3730,4862,5011,4458,4750
4361,3994,4357,3627,3457,5056,4950,4757,5099,4126,3677,4649,4739,4067,4011,3730,4862,5011,4458,4750,4144
3994,4357,3627,3457,5056,4950,4757,5099,4126,3677,4649,4739,4067,4011,3730,4862,5011,4458,4750,4144,4309
4357,3627,3457,5056,4950,4757,5099,4126,3677,4649,4739,4067,4011,3730,4862,5011,4458,4750,4144,4309,4779
3627,3457,5056,4950,4757,5099,4126,3677,4649,4739,4067,4011,3730,4862,5011,4458,4750,4144,4309,4779,4579
3457,5056,4950,4757,5099,4126,3677,4649,4739,4067,4011,3730,4862,5011,4458,4750,4144,4309,4779,4579,4722
5056,4950,4757,5099,4126,3677,4649,4739,4067,4011,3730,4862,5011,4458,4750,4144,4309,4779,4579,4722,5410
4950,4757,5099,4126,3677,4649,4739,4067,4011,3730,4862,5011,4458,4750,4144,4309,4779,4579,4722,5410,4939
4757,5099,4126,3677,4649,4739,4067,4011,3730,4862,5011,4458,4750,4144,4309,4779,4579,4722,5410,4939,4583
5099,4126,3677,4649,4739,4067,4011,3730,4862,5011,4458,4750,4144,4309,4779,4579,4722,5410,4939,4583,4562
4126,3677,4649,4739,4067,4011,3730,4862,5011,4458,4750,4144,4309,4779,4579,4722,5410,4939,4583,4562,4598
3677,4649,4739,4067,4011,3730,4862,5011,4458,4750,4144,4309,4779,4579,4722,5410,4939,4583,4562,4598,4926
4649,4739,4067,4011,3730,4862,5011,4458,4750,4144,4309,4779,4579,4722,5410,4939,4583,4562,4598,4926,6304
4739,4067,4011,3730,4862,5011,4458,4750,4144,4309,4779,4579,4722,5410,4939,4583,4562,4598,4926,6304,6596
4067,4011,3730,4862,5011,4458,4750,4144,4309,4779,4579,4722,5410,4939,4583,4562,4598,4926,6304,6596,5523
4011,3730,4862,5011,4458,4750,4144,4309,4779,4579,4722,5410,4939,4583,4562,4598,4926,6304,6596,5523,6810
3730,4862,5011,4458,4750,4144,4309,4779,4579,4722,5410,4939,4583,4562,4598,4926,6304,6596,5523,6810,6145
4862,5011,4458,4750,4144,4309,4779,4579,4722,5410,4939,4583,4562,4598,4926,6304,6596,5523,6810,6145,5244
5011,4458,4750,4144,4309,4779,4579,4722,5410,4939,4583,4562,4598,4926,6304,6596,5523,6810,6145,5244,5989
4458,4750,4144,4309,4779,4579,4722,5410,4939,4583,4562,4598,4926,6304,6596,5523,6810,6145,5244,5989,8045
4750,4144,4309,4779,4579,4722,5410,4939,4583,4562,4598,4926,6304,6596,5523,6810,6145,5244,5989,8045,7451
4144,4309,4779,4579,4722,5410,4939,4583,4562,4598,4926,6304,6596,5523,6810,6145,5244,5989,8045,7451,7681
4309,4779,4579,4722,5410,4939,4583,4562,4598,4926,6304,6596,5523,6810,6145,5244,5989,8045,7451,7681,6864
4779,4579,4722,5410,4939,4583,4562,4598,4926,6304,6596,5523,6810,6145,5244,5989,8045,7451,7681,6864,5281
4579,4722,5410,4939,4583,4562,4598,4926,6304,6596,5523,6810,6145,5244,5989,8045,7451,7681,6864,5281,4992
4722,5410,4939,4583,4562,4598,4926,6304,6596,5523,6810,6145,5244,5989,8045,7451,7681,6864,5281,4992,6941
5410,4939,4583,4562,4598,4926,6304,6596,5523,6810,6145,5244,5989,8045,7451,7681,6864,5281,4992,6941,5743
4939,4583,4562,4598,4926,6304,6596,5523,6810,6145,5244,5989,8045,7451,7681,6864,5281,4992,6941,5743,6307
4583,4562,4598,4926,6304,6596,5523,6810,6145,5244,5989,8045,7451,7681,6864,5281,4992,6941,5743,6307,7264
4562,4598,4926,6304,6596,5523,6810,6145,5244,5989,8045,7451,7681,6864,5281,4992,6941,5743,6307,7264,6462
4598,4926,6304,6596,5523,6810,6145,5244,5989,8045,7451,7681,6864,5281,4992,6941,5743,6307,7264,6462,7096
4926,6304,6596,5523,6810,6145,5244,5989,8045,7451,7681,6864,5281,4992,6941,5743,6307,7264,6462,7096,9446
6304,6596,5523,6810,6145,5244,5989,8045,7451,7681,6864,5281,4992,6941,5743,6307,7264,6462,7096,9446,6449
6596,5523,6810,6145,5244,5989,8045,7451,7681,6864,5281,4992,6941,5743,6307,7264,6462,7096,9446,6449,6905
5523,6810,6145,5244,5989,8045,7451,7681,6864,5281,4992,6941,5743,6307,7264,6462,7096,9446,6449,6905,6953
6810,6145,5244,5989,8045,7451,7681,6864,5281,4992,6941,5743,6307,7264,6462,7096,9446,6449,6905,6953,7043
6145,5244,5989,8045,7451,7681,6864,5281,4992,6941,5743,6307,7264,6462,7096,9446,6449,6905,6953,7043,8029
5244,5989,8045,7451,7681,6864,5281,4992,6941,5743,6307,7264,6462,7096,9446,6449,6905,6953,7043,8029,6111
5989,8045,7451,7681,6864,5281,4992,6941,5743,6307,7264,6462,7096,9446,6449,6905,6953,7043,8029,6111,7953
8045,7451,7681,6864,5281,4992,6941,5743,6307,7264,6462,7096,9446,6449,6905,6953,7043,8029,6111,7953,6172
7451,7681,6864,5281,4992,6941,5743,6307,7264,6462,7096,9446,6449,6905,6953,7043,8029,6111,7953,6172,6032
7681,6864,5281,4992,6941,5743,6307,7264,6462,7096,9446,6449,6905,6953,7043,8029,6111,7953,6172,6032,7016
6864,5281,4992,6941,5743,6307,7264,6462,7096,9446,6449,6905,6953,7043,8029,6111,7953,6172,6032,7016,8243
5281,4992,6941,5743,6307,7264,6462,7096,9446,6449,6905,6953,7043,8029,6111,7953,6172,6032,7016,8243,6867
4992,6941,5743,6307,7264,6462,7096,9446,6449,6905,6953,7043,8029,6111,7953,6172,6032,7016,8243,6867,8766
6941,5743,6307,7264,6462,7096,9446,6449,6905,6953,7043,8029,6111,7953,6172,6032,7016,8243,6867,8766,7851
5743,6307,7264,6462,7096,9446,6449,6905,6953,7043,8029,6111,7953,6172,6032,7016,8243,6867,8766,7851,7976
6307,7264,6462,7096,9446,6449,6905,6953,7043,8029,6111,7953,6172,6032,7016,8243,6867,8766,7851,7976,8058
7264,6462,7096,9446,6449,6905,6953,7043,8029,6111,7953,6172,6032,7016,8243,6867,8766,7851,7976,8058,7472
6462,7096,9446,6449,6905,6953,7043,8029,6111,7953,6172,6032,7016,8243,6867,8766,7851,7976,8058,7472,6312
7096,9446,6449,6905,6953,7043,8029,6111,7953,6172,6032,7016,8243,6867,8766,7851,7976,8058,7472,6312,7138
9446,6449,6905,6953,7043,8029,6111,7953,6172,6032,7016,8243,6867,8766,7851,7976,8058,7472,6312,7138,6941
6449,6905,6953,7043,8029,6111,7953,6172,6032,7016,8243,6867,8766,7851,7976,8058,7472,6312,7138,6941,7395
6905,6953,7043,8029,6111,7953,6172,6032,7016,8243,6867,8766,7851,7976,8058,7472,6312,7138,6941,7395,7077
6953,7043,8029,6111,7953,6172,6032,7016,8243,6867,8766,7851,7976,8058,7472,6312,7138,6941,7395,7077,5890
7043,8029,6111,7953,6172,6032,7016,8243,6867,8766,7851,7976,8058,7472,6312,7138,6941,7395,7077,5890,4996
8029,6111,7953,6172,6032,7016,8243,6867,8766,7851,7976,8058,7472,6312,7138,6941,7395,7077,5890,4996,6480
6111,7953,6172,6032,7016,8243,6867,8766,7851,7976,8058,7472,6312,7138,6941,7395,7077,5890,4996,6480,5970
7953,6172,6032,7016,8243,6867,8766,7851,7976,8058,7472,6312,7138,6941,7395,7077,5890,4996,6480,5970,6851
6172,6032,7016,8243,6867,8766,7851,7976,8058,7472,6312,7138,6941,7395,7077,5890,4996,6480,5970,6851,5562
6032,7016,8243,6867,8766,7851,7976,8058,7472,6312,7138,6941,7395,7077,5890,4996,6480,5970,6851,5562,5521
7016,8243,6867,8766,7851,7976,8058,7472,6312,7138,6941,7395,7077,5890,4996,6480,5970,6851,5562,5521,5026
8243,6867,8766,7851,7976,8058,7472,6312,7138,6941,7395,7077,5890,4996,6480,5970,6851,5562,5521,5026,5128
6867,8766,7851,7976,8058,7472,6312,7138,6941,7395,7077,5890,4996,6480,5970,6851,5562,5521,5026,5128,4960
8766,7851,7976,8058,7472,6312,7138,6941,7395,7077,5890,4996,6480,5970,6851,5562,5521,5026,5128,4960,4483
7851,7976,8058,7472,6312,7138,6941,7395,7077,5890,4996,6480,5970,6851,5562,5521,5026,5128,4960,4483,6302
7976,8058,7472,6312,7138,6941,7395,7077,5890,4996,6480,5970,6851,5562,5521,5026,5128,4960,4483,6302,4928
8058,7472,6312,7138,6941,7395,7077,5890,4996,6480,5970,6851,5562,5521,5026,5128,4960,4483,6302,4928,4550
7472,6312,7138,6941,7395,7077,5890,4996,6480,5970,6851,5562,5521,5026,5128,4960,4483,6302,4928,4550,4626
6312,7138,6941,7395,7077,5890,4996,6480,5970,6851,5562,5521,5026,5128,4960,4483,6302,4928,4550,4626,4541
7138,6941,7395,7077,5890,4996,6480,5970,6851,5562,5521,5026,5128,4960,4483,6302,4928,4550,4626,4541,5020
6941,7395,7077,5890,4996,6480,5970,6851,5562,5521,5026,5128,4960,4483,6302,4928,4550,4626,4541,5020,4594
7395,7077,5890,4996,6480,5970,6851,5562,5521,5026,5128,4960,4483,6302,4928,4550,4626,4541,5020,4594,5337
7077,5890,4996,6480,5970,6851,5562,5521,5026,5128,4960,4483,6302,4928,4550,4626,4541,5020,4594,5337,4735
5890,4996,6480,5970,6851,5562,5521,5026,5128,4960,4483,6302,4928,4550,4626,4541,5020,4594,5337,4735,4830
4996,6480,5970,6851,5562,5521,5026,5128,4960,4483,6302,4928,4550,4626,4541,5020,4594,5337,4735,4830,4044
6480,5970,6851,5562,5521,5026,5128,4960,4483,6302,4928,4550,4626,4541,5020,4594,5337,4735,4830,4044,4512
5970,6851,5562,5521,5026,5128,4960,4483,6302,4928,4550,4626,4541,5020,4594,5337,4735,4830,4044,4512,3988
6851,5562,5521,5026,5128,4960,4483,6302,4928,4550,4626,4541,5020,4594,5337,4735,4830,4044,4512,3988,4883
5562,5521,5026,5128,4960,4483,6302,4928,4550,4626,4541,5020,4594,5337,4735,4830,4044,4512,3988,4883,4568
5521,5026,5128,4960,4483,6302,4928,4550,4626,4541,5020,4594,5337,4735,4830,4044,4512,3988,4883,4568,4395
5026,5128,4960,4483,6302,4928,4550,4626,4541,5020,4594,5337,4735,4830,4044,4512,3988,4883,4568,4395,4569
5128,4960,4483,6302,4928,4550,4626,4541,5020,4594,5337,4735,4830,4044,4512,3988,4883,4568,4395,4569,4343
4960,4483,6302,4928,4550,4626,4541,5020,4594,5337,4735,4830,4044,4512,3988,4883,4568,4395,4569,4343,4928
4483,6302,4928,4550,4626,4541,5020,4594,5337,4735,4830,4044,4512,3988,4883,4568,4395,4569,4343,4928,4026
6302,4928,4550,4626,4541,5020,4594,5337,4735,4830,4044,4512,3988,4883,4568,4395,4569,4343,4928,4026,4892
4928,4550,4626,4541,5020,4594,5337,4735,4830,4044,4512,3988,4883,4568,4395,4569,4343,4928,4026,4892,4970
4550,4626,4541,5020,4594,5337,4735,4830,4044,4512,3988,4883,4568,4395,4569,4343,4928,4026,4892,4970,5089
4626,4541,5020,4594,5337,4735,4830,4044,4512,3988,4883,4568,4395,4569,4343,4928,4026,4892,4970,5089,4447
4541,5020,4594,5337,4735,4830,4044,4512,3988,4883,4568,4395,4569,4343,4928,4026,4892,4970,5089,4447,4608
5020,4594,5337,4735,4830,4044,4512,3988,4883,4568,4395,4569,4343,4928,4026,4892,4970,5089,4447,4608,3634
4594,5337,4735,4830,4044,4512,3988,4883,4568,4395,4569,4343,4928,4026,4892,4970,5089,4447,4608,3634,4369
5337,4735,4830,4044,4512,3988,4883,4568,4395,4569,4343,4928,4026,4892,4970,5089,4447,4608,3634,4369,4865
4735,4830,4044,4512,3988,4883,4568,4395,4569,4343,4928,4026,4892,4970,5089,4447,4608,3634,4369,4865,4196
4830,4044,4512,3988,4883,4568,4395,4569,4343,4928,4026,4892,4970,5089,4447,4608,3634,4369,4865,4196,5044
4044,4512,3988,4883,4568,4395,4569,4343,4928,4026,4892,4970,5089,4447,4608,3634,4369,4865,4196,5044,5015
4512,3988,4883,4568,4395,4569,4343,4928,4026,4892,4970,5089,4447,4608,3634,4369,4865,4196,5044,5015,4317
3988,4883,4568,4395,4569,4343,4928,4026,4892,4970,5089,4447,4608,3634,4369,4865,4196,5044,5015,4317,4908
4883,4568,4395,4569,4343,4928,4026,4892,4970,5089,4447,4608,3634,4369,4865,4196,5044,5015,4317,4908,4912
4568,4395,4569,4343,4928,4026,4892,4970,5089,4447,4608,3634,4369,4865,4196,5044,5015,4317,4908,4912,4461
4395,4569,4343,4928,4026,4892,4970,5089,4447,4608,3634,4369,4865,4196,5044,5015,4317,4908,4912,4461,4279
4569,4343,4928,4026,4892,4970,5089,4447,4608,3634,4369,4865,4196,5044,5015,4317,4908,4912,4461,4279,4231
4343,4928,4026,4892,4970,5089,4447,4608,3634,4369,4865,4196,5044,5015,4317,4908,4912,4461,4279,4231,4181
4928,4026,4892,4970,5089,4447,4608,3634,4369,4865,4196,5044,5015,4317,4908,4912,4461,4279,4231,4181,4819
4026,4892,4970,5089,4447,4608,3634,4369,4865,4196,5044,5015,4317,4908,4912,4461,4279,4231,4181,4819,4505
4892,4970,5089,4447,4608,3634,4369,4865,4196,5044,5015,4317,4908,4912,4461,4279,4231,4181,4819,4505,4540
4970,5089,4447,4608,3634,4369,4865,4196,5044,5015,4317,4908,4912,4461,4279,4231,4181,4819,4505,4540,5130
5089,4447,4608,3634,4369,4865,4196,5044,5015,4317,4908,4912,4461,4279,4231,4181,4819,4505,4540,5130,4439
4447,4608,3634,4369,4865,4196,5044,5015,4317,4908,4912,4461,4279,4231,4181,4819,4505,4540,5130,4439,4050
4608,3634,4369,4865,4196,5044,5015,4317,4908,4912,4461,4279,4231,4181,4819,4505,4540,5130,4439,4050,4502
3634,4369,4865,4196,5044,5015,4317,4908,4912,4461,4279,4231,4181,4819,4505,4540,5130,4439,4050,4502,2421
4369,4865,4196,5044,5015,4317,4908,4912,4461,4279,4231,4181,4819,4505,4540,5130,4439,4050,4502,2421,3850
4865,4196,5044,5015,4317,4908,4912,4461,4279,4231,4181,4819,4505,4540,5130,4439,4050,4502,2421,3850,4342
4196,5044,5015,4317,4908,4912,4461,4279,4231,4181,4819,4505,4540,5130,4439,4050,4502,2421,3850,4342,4428
5044,5015,4317,4908,4912,4461,4279,4231,4181,4819,4505,4540,5130,4439,4050,4502,2421,3850,4342,4428,3701
5015,4317,4908,4912,4461,4279,4231,4181,4819,4505,4540,5130,4439,4050,4502,2421,3850,4342,4428,3701,3675
4317,4908,4912,4461,4279,4231,4181,4819,4505,4540,5130,4439,4050,4502,2421,3850,4342,4428,3701,3675,3723
4908,4912,4461,4279,4231,4181,4819,4505,4540,5130,4439,4050,4502,2421,3850,4342,4428,3701,3675,3723,3456
4912,4461,4279,4231,4181,4819,4505,4540,5130,4439,4050,4502,2421,3850,4342,4428,3701,3675,3723,3456,4408
4461,4279,4231,4181,4819,4505,4540,5130,4439,4050,4502,2421,3850,4342,4428,3701,3675,3723,3456,4408,2260
4279,4231,4181,4819,4505,4540,5130,4439,4050,4502,2421,3850,4342,4428,3701,3675,3723,3456,4408,2260,3690
4231,4181,4819,4505,4540,5130,4439,4050,4502,2421,3850,4342,4428,3701,3675,3723,3456,4408,2260,3690,2292
4181,4819,4505,4540,5130,4439,4050,4502,2421,3850,4342,4428,3701,3675,3723,3456,4408,2260,3690,2292,4320
4819,4505,4540,5130,4439,4050,4502,2421,3850,4342,4428,3701,3675,3723,3456,4408,2260,3690,2292,4320,3990
4505,4540,5130,4439,4050,4502,2421,3850,4342,4428,3701,3675,3723,3456,4408,2260,3690,2292,4320,3990,4404
4540,5130,4439,4050,4502,2421,3850,4342,4428,3701,3675,3723,3456,4408,2260,3690,2292,4320,3990,4404,4328
5130,4439,4050,4502,2421,3850,4342,4428,3701,3675,3723,3456,4408,2260,3690,2292,4320,3990,4404,4328,3965
4439,4050,4502,2421,3850,4342,4428,3701,3675,3723,3456,4408,2260,3690,2292,4320,3990,4404,4328,3965,4056
4050,4502,2421,3850,4342,4428,3701,3675,3723,3456,4408,2260,3690,2292,4320,3990,4404,4328,3965,4056,3573
4502,2421,3850,4342,4428,3701,3675,3723,3456,4408,2260,3690,2292,4320,3990,4404,4328,3965,4056,3573,2379
2421,3850,4342,4428,3701,3675,3723,3456,4408,2260,3690,2292,4320,3990,4404,4328,3965,4056,3573,2379,4766
3850,4342,4428,3701,3675,3723,3456,4408,2260,3690,2292,4320,3990,4404,4328,3965,4056,3573,2379,4766,4156
4342,4428,3701,3675,3723,3456,4408,2260,3690,2292,4320,3990,4404,4328,3965,4056,3573,2379,4766,4156,4632
4428,3701,3675,3723,3456,4408,2260,3690,2292,4320,3990,4404,4328,3965,4056,3573,2379,4766,4156,4632,4736
3701,3675,3723,3456,4408,2260,3690,2292,4320,3990,4404,4328,3965,4056,3573,2379,4766,4156,4632,4736,5222
3675,3723,3456,4408,2260,3690,2292,4320,3990,4404,4328,3965,4056,3573,2379,4766,4156,4632,4736,5222,4736
3723,3456,4408,2260,3690,2292,4320,3990,4404,4328,3965,4056,3573,2379,4766,4156,4632,4736,5222,4736,4336
3456,4408,2260,3690,2292,4320,3990,4404,4328,3965,4056,3573,2379,4766,4156,4632,4736,5222,4736,4336,4848
4408,2260,3690,2292,4320,3990,4404,4328,3965,4056,3573,2379,4766,4156,4632,4736,5222,4736,4336,4848,4685
2260,3690,2292,4320,3990,4404,4328,3965,4056,3573,2379,4766,4156,4632,4736,5222,4736,4336,4848,4685,4977
3690,2292,4320,3990,4404,4328,3965,4056,3573,2379,4766,4156,4632,4736,5222,4736,4336,4848,4685,4977,4792
2292,4320,3990,4404,4328,3965,4056,3573,2379,4766,4156,4632,4736,5222,4736,4336,4848,4685,4977,4792,5015
4320,3990,4404,4328,3965,4056,3573,2379,4766,4156,4632,4736,5222,4736,4336,4848,4685,4977,4792,5015,5494
3990,4404,4328,3965,4056,3573,2379,4766,4156,4632,4736,5222,4736,4336,4848,4685,4977,4792,5015,5494,5071
4404,4328,3965,4056,3573,2379,4766,4156,4632,4736,5222,4736,4336,4848,4685,4977,4792,5015,5494,5071,4697
4328,3965,4056,3573,2379,4766,4156,4632,4736,5222,4736,4336,4848,4685,4977,4792,5015,5494,5071,4697,4456
3965,4056,3573,2379,4766,4156,4632,4736,5222,4736,4336,4848,4685,4977,4792,5015,5494,5071,4697,4456,4905
4056,3573,2379,4766,4156,4632,4736,5222,4736,4336,4848,4685,4977,4792,5015,5494,5071,4697,4456,4905,5409
3573,2379,4766,4156,4632,4736,5222,4736,4336,4848,4685,4977,4792,5015,5494,5071,4697,4456,4905,5409,4663
2379,4766,4156,4632,4736,5222,4736,4336,4848,4685,4977,4792,5015,5494,5071,4697,4456,4905,5409,4663,5403
4766,4156,4632,4736,5222,4736,4336,4848,4685,4977,4792,5015,5494,5071,4697,4456,4905,5409,4663,5403,5081
4156,4632,4736,5222,4736,4336,4848,4685,4977,4792,5015,5494,5071,4697,4456,4905,5409,4663,5403,5081,3924
4632,4736,5222,4736,4336,4848,4685,4977,4792,5015,5494,5071,4697,4456,4905,5409,4663,5403,5081,3924,4763
4736,5222,4736,4336,4848,4685,4977,4792,5015,5494,5071,4697,4456,4905,5409,4663,5403,5081,3924,4763,5692
5222,4736,4336,4848,4685,4977,4792,5015,5494,5071,4697,4456,4905,5409,4663,5403,5081,3924,4763,5692,5310
4736,4336,4848,4685,4977,4792,5015,5494,5071,4697,4456,4905,5409,4663,5403,5081,3924,4763,5692,5310,5163
4336,4848,4685,4977,4792,5015,5494,5071,4697,4456,4905,5409,4663,5403,5081,3924,4763,5692,5310,5163,4955
4848,4685,4977,4792,5015,5494,5071,4697,4456,4905,5409,4663,5403,5081,3924,4763,5692,5310,5163,4955,5121
4685,4977,4792,5015,5494,5071,4697,4456,4905,5409,4663,5403,5081,3924,4763,5692,5310,5163,4955,5121,6043
4977,4792,5015,5494,5071,4697,4456,4905,5409,4663,5403,5081,3924,4763,5692,5310,5163,4955,5121,6043,6078
4792,5015,5494,5071,4697,4456,4905,5409,4663,5403,5081,3924,4763,5692,5310,5163,4955,5121,6043,6078,6154
5015,5494,5071,4697,4456,4905,5409,4663,5403,5081,3924,4763,5692,5310,5163,4955,5121,6043,6078,6154,6741
5494,5071,4697,4456,4905,5409,4663,5403,5081,3924,4763,5692,5310,5163,4955,5121,6043,6078,6154,6741,6219
5071,4697,4456,4905,5409,4663,5403,5081,3924,4763,5692,5310,5163,4955,5121,6043,6078,6154,6741,6219,6092
4697,4456,4905,5409,4663,5403,5081,3924,4763,5692,5310,5163,4955,5121,6043,6078,6154,6741,6219,6092,6336
4456,4905,5409,4663,5403,5081,3924,4763,5692,5310,5163,4955,5121,6043,6078,6154,6741,6219,6092,6336,6147
4905,5409,4663,5403,5081,3924,4763,5692,5310,5163,4955,5121,6043,6078,6154,6741,6219,6092,6336,6147,6366
5409,4663,5403,5081,3924,4763,5692,5310,5163,4955,5121,6043,6078,6154,6741,6219,6092,6336,6147,6366,5188
4663,5403,5081,3924,4763,5692,5310,5163,4955,5121,6043,6078,6154,6741,6219,6092,6336,6147,6366,5188,7640
5403,5081,3924,4763,5692,5310,5163,4955,5121,6043,6078,6154,6741,6219,6092,6336,6147,6366,5188,7640,7136
5081,3924,4763,5692,5310,5163,4955,5121,6043,6078,6154,6741,6219,6092,6336,6147,6366,5188,7640,7136,6212
3924,4763,5692,5310,5163,4955,5121,6043,6078,6154,6741,6219,6092,6336,6147,6366,5188,7640,7136,6212,9119
4763,5692,5310,5163,4955,5121,6043,6078,6154,6741,6219,6092,6336,6147,6366,5188,7640,7136,6212,9119,8372
5692,5310,5163,4955,5121,6043,6078,6154,6741,6219,6092,6336,6147,6366,5188,7640,7136,6212,9119,8372,7412
5310,5163,4955,5121,6043,6078,6154,6741,6219,6092,6336,6147,6366,5188,7640,7136,6212,9119,8372,7412,8732
5163,4955,5121,6043,6078,6154,6741,6219,6092,6336,6147,6366,5188,7640,7136,6212,9119,8372,7412,8732,8496
4955,5121,6043,6078,6154,6741,6219,6092,6336,6147,6366,5188,7640,7136,6212,9119,8372,7412,8732,8496,8248
5121,6043,6078,6154,6741,6219,6092,6336,6147,6366,5188,7640,7136,6212,9119,8372,7412,8732,8496,8248,8342
6043,6078,6154,6741,6219,6092,6336,6147,6366,5188,7640,7136,6212,9119,8372,7412,8732,8496,8248,8342,7951
6078,6154,6741,6219,6092,6336,6147,6366,5188,7640,7136,6212,9119,8372,7412,8732,8496,8248,8342,7951,7812
6154,6741,6219,6092,6336,6147,6366,5188,7640,7136,6212,9119,8372,7412,8732,8496,8248,8342,7951,7812,5742
6741,6219,6092,6336,6147,6366,5188,7640,7136,6212,9119,8372,7412,8732,8496,8248,8342,7951,7812,5742,6619
6219,6092,6336,6147,6366,5188,7640,7136,6212,9119,8372,7412,8732,8496,8248,8342,7951,7812,5742,6619,6494
6092,6336,6147,6366,5188,7640,7136,6212,9119,8372,7412,8732,8496,8248,8342,7951,7812,5742,6619,6494,6394
6336,6147,6366,5188,7640,7136,6212,9119,8372,7412,8732,8496,8248,8342,7951,7812,5742,6619,6494,6394,6720
6147,6366,5188,7640,7136,6212,9119,8372,7412,8732,8496,8248,8342,7951,7812,5742,6619,6494,6394,6720,9058
6366,5188,7640,7136,6212,9119,8372,7412,8732,8496,8248,8342,7951,7812,5742,6619,6494,6394,6720,9058,7623
5188,7640,7136,6212,9119,8372,7412,8732,8496,8248,8342,7951,7812,5742,6619,6494,6394,6720,9058,7623,6700
7640,7136,6212,9119,8372,7412,8732,8496,8248,8342,7951,7812,5742,6619,6494,6394,6720,9058,7623,6700,6063
7136,6212,9119,8372,7412,8732,8496,8248,8342,7951,7812,5742,6619,6494,6394,6720,9058,7623,6700,6063,6523
6212,9119,8372,7412,8732,8496,8248,8342,7951,7812,5742,6619,6494,6394,6720,9058,7623,6700,6063,6523,6741
9119,8372,7412,8732,8496,8248,8342,7951,7812,5742,6619,6494,6394,6720,9058,7623,6700,6063,6523,6741,6366
8372,7412,8732,8496,8248,8342,7951,7812,5742,6619,6494,6394,6720,9058,7623,6700,6063,6523,6741,6366,5670
7412,8732,8496,8248,8342,7951,7812,5742,6619,6494,6394,6720,9058,7623,6700,6063,6523,6741,6366,5670,8623
8732,8496,8248,8342,7951,7812,5742,6619,6494,6394,6720,9058,7623,6700,6063,6523,6741,6366,5670,8623,7434
8496,8248,8342,7951,7812,5742,6619,6494,6394,6720,9058,7623,6700,6063,6523,6741,6366,5670,8623,7434,6749
8248,8342,7951,7812,5742,6619,6494,6394,6720,9058,7623,6700,6063,6523,6741,6366,5670,8623,7434,6749,5818
8342,7951,7812,5742,6619,6494,6394,6720,9058,7623,6700,6063,6523,6741,6366,5670,8623,7434,6749,5818,6055
7951,7812,5742,6619,6494,6394,6720,9058,7623,6700,6063,6523,6741,6366,5670,8623,7434,6749,5818,6055,7125
7812,5742,6619,6494,6394,6720,9058,7623,6700,6063,6523,6741,6366,5670,8623,7434,6749,5818,6055,7125,6544
5742,6619,6494,6394,6720,9058,7623,6700,6063,6523,6741,6366,5670,8623,7434,6749,5818,6055,7125,6544,6084
6619,6494,6394,6720,9058,7623,6700,6063,6523,6741,6366,5670,8623,7434,6749,5818,6055,7125,6544,6084,5387
6494,6394,6720,9058,7623,6700,6063,6523,6741,6366,5670,8623,7434,6749,5818,6055,7125,6544,6084,5387,5599
6394,6720,9058,7623,6700,6063,6523,6741,6366,5670,8623,7434,6749,5818,6055,7125,6544,6084,5387,5599,5842
6720,9058,7623,6700,6063,6523,6741,6366,5670,8623,7434,6749,5818,6055,7125,6544,6084,5387,5599,5842,5144
9058,7623,6700,6063,6523,6741,6366,5670,8623,7434,6749,5818,6055,7125,6544,6084,5387,5599,5842,5144,5437
7623,6700,6063,6523,6741,6366,5670,8623,7434,6749,5818,6055,7125,6544,6084,5387,5599,5842,5144,5437,5303
6700,6063,6523,6741,6366,5670,8623,7434,6749,5818,6055,7125,6544,6084,5387,5599,5842,5144,5437,5303,5051
6063,6523,6741,6366,5670,8623,7434,6749,5818,6055,7125,6544,6084,5387,5599,5842,5144,5437,5303,5051,5587
6523,6741,6366,5670,8623,7434,6749,5818,6055,7125,6544,6084,5387,5599,5842,5144,5437,5303,5051,5587,5196
6741,6366,5670,8623,7434,6749,5818,6055,7125,6544,6084,5387,5599,5842,5144,5437,5303,5051,5587,5196,5045
6366,5670,8623,7434,6749,5818,6055,7125,6544,6084,5387,5599,5842,5144,5437,5303,5051,5587,5196,5045,4836
5670,8623,7434,6749,5818,6055,7125,6544,6084,5387,5599,5842,5144,5437,5303,5051,5587,5196,5045,4836,5295
8623,7434,6749,5818,6055,7125,6544,6084,5387,5599,5842,5144,5437,5303,5051,5587,5196,5045,4836,5295,5311
7434,6749,5818,6055,7125,6544,6084,5387,5599,5842,5144,5437,5303,5051,5587,5196,5045,4836,5295,5311,4734
6749,5818,6055,7125,6544,6084,5387,5599,5842,5144,5437,5303,5051,5587,5196,5045,4836,5295,5311,4734,5157
5818,6055,7125,6544,6084,5387,5599,5842,5144,5437,5303,5051,5587,5196,5045,4836,5295,5311,4734,5157,5183
6055,7125,6544,6084,5387,5599,5842,5144,5437,5303,5051,5587,5196,5045,4836,5295,5311,4734,5157,5183,4945
7125,6544,6084,5387,5599,5842,5144,5437,5303,5051,5587,5196,5045,4836,5295,5311,4734,5157,5183,4945,5448
6544,6084,5387,5599,5842,5144,5437,5303,5051,5587,5196,5045,4836,5295,5311,4734,5157,5183,4945,5448,4455
6084,5387,5599,5842,5144,5437,5303,5051,5587,5196,5045,4836,5295,5311,4734,5157,5183,4945,5448,4455,4926
5387,5599,5842,5144,5437,5303,5051,5587,5196,5045,4836,5295,5311,4734,5157,5183,4945,5448,4455,4926,5261
5599,5842,5144,5437,5303,5051,5587,5196,5045,4836,5295,5311,4734,5157,5183,4945,5448,4455,4926,5261,4920
5842,5144,5437,5303,5051,5587,5196,5045,4836,5295,5311,4734,5157,5183,4945,5448,4455,4926,5261,4920,5469
5144,5437,5303,5051,5587,5196,5045,4836,5295,5311,4734,5157,5183,4945,5448,4455,4926,5261,4920,5469,5166
5437,5303,5051,5587,5196,5045,4836,5295,5311,4734,5157,5183,4945,5448,4455,4926,5261,4920,5469,5166,5095
5303,5051,5587,5196,5045,4836,5295,5311,4734,5157,5183,4945,5448,4455,4926,5261,4920,5469,5166,5095,5674
5051,5587,5196,5045,4836,5295,5311,4734,5157,5183,4945,5448,4455,4926,5261,4920,5469,5166,5095,5674,4462
5587,5196,5045,4836,5295,5311,4734,5157,5183,4945,5448,4455,4926,5261,4920,5469,5166,5095,5674,4462,5065
5196,5045,4836,5295,5311,4734,5157,5183,4945,5448,4455,4926,5261,4920,5469,5166,5095,5674,4462,5065,4840
5045,4836,5295,5311,4734,5157,5183,4945,5448,4455,4926,5261,4920,5469,5166,5095,5674,4462,5065,4840,5180
4836,5295,5311,4734,5157,5183,4945,5448,4455,4926,5261,4920,5469,5166,5095,5674,4462,5065,4840,5180,5267
5295,5311,4734,5157,5183,4945,5448,4455,4926,5261,4920,5469,5166,5095,5674,4462,5065,4840,5180,5267,6015
5311,4734,5157,5183,4945,5448,4455,4926,5261,4920,5469,5166,5095,5674,4462,5065,4840,5180,5267,6015,5010
4734,5157,5183,4945,5448,4455,4926,5261,4920,5469,5166,5095,5674,4462,5065,4840,5180,5267,6015,5010,5871
5157,5183,4945,5448,4455,4926,5261,4920,5469,5166,5095,5674,4462,5065,4840,5180,5267,6015,5010,5871,4886
5183,4945,5448,4455,4926,5261,4920,5469,5166,5095,5674,4462,5065,4840,5180,5267,6015,5010,5871,4886,5650
4945,5448,4455,4926,5261,4920,5469,5166,5095,5674,4462,5065,4840,5180,5267,6015,5010,5871,4886,5650,4989
5448,4455,4926,5261,4920,5469,5166,5095,5674,4462,5065,4840,5180,5267,6015,5010,5871,4886,5650,4989,5160
4455,4926,5261,4920,5469,5166,5095,5674,4462,5065,4840,5180,5267,6015,5010,5871,4886,5650,4989,5160,5101
4926,5261,4920,5469,5166,5095,5674,4462,5065,4840,5180,5267,6015,5010,5871,4886,5650,4989,5160,5101,5618
5261,4920,5469,5166,5095,5674,4462,5065,4840,5180,5267,6015,5010,5871,4886,5650,4989,5160,5101,5618,6428
4920,5469,5166,5095,5674,4462,5065,4840,5180,5267,6015,5010,5871,4886,5650,4989,5160,5101,5618,6428,5465
5469,5166,5095,5674,4462,5065,4840,5180,5267,6015,5010,5871,4886,5650,4989,5160,5101,5618,6428,5465,5301
5166,5095,5674,4462,5065,4840,5180,5267,6015,5010,5871,4886,5650,4989,5160,5101,5618,6428,5465,5301,5324
5095,5674,4462,5065,4840,5180,5267,6015,5010,5871,4886,5650,4989,5160,5101,5618,6428,5465,5301,5324,4700
5674,4462,5065,4840,5180,5267,6015,5010,5871,4886,5650,4989,5160,5101,5618,6428,5465,5301,5324,4700,4307
4462,5065,4840,5180,5267,6015,5010,5871,4886,5650,4989,5160,5101,5618,6428,5465,5301,5324,4700,4307,4407
5065,4840,5180,5267,6015,5010,5871,4886,5650,4989,5160,5101,5618,6428,5465,5301,5324,4700,4307,4407,4146
4840,5180,5267,6015,5010,5871,4886,5650,4989,5160,5101,5618,6428,5465,5301,5324,4700,4307,4407,4146,5202
5180,5267,6015,5010,5871,4886,5650,4989,5160,5101,5618,6428,5465,5301,5324,4700,4307,4407,4146,5202,5129
5267,6015,5010,5871,4886,5650,4989,5160,5101,5618,6428,5465,5301,5324,4700,4307,4407,4146,5202,5129,4602
6015,5010,5871,4886,5650,4989,5160,5101,5618,6428,5465,5301,5324,4700,4307,4407,4146,5202,5129,4602,4953
5010,5871,4886,5650,4989,5160,5101,5618,6428,5465,5301,5324,4700,4307,4407,4146,5202,5129,4602,4953,5040
5871,4886,5650,4989,5160,5101,5618,6428,5465,5301,5324,4700,4307,4407,4146,5202,5129,4602,4953,5040,4937
4886,5650,4989,5160,5101,5618,6428,5465,5301,5324,4700,4307,4407,4146,5202,5129,4602,4953,5040,4937,5130
5650,4989,5160,5101,5618,6428,5465,5301,5324,4700,4307,4407,4146,5202,5129,4602,4953,5040,4937,5130,4773
4989,5160,5101,5618,6428,5465,5301,5324,4700,4307,4407,4146,5202,5129,4602,4953,5040,4937,5130,4773,5273
5160,5101,5618,6428,5465,5301,5324,4700,4307,4407,4146,5202,5129,4602,4953,5040,4937,5130,4773,5273,5470
5101,5618,6428,5465,5301,5324,4700,4307,4407,4146,5202,5129,4602,4953,5040,4937,5130,4773,5273,5470,5553
5618,6428,5465,5301,5324,4700,4307,4407,4146,5202,5129,4602,4953,5040,4937,5130,4773,5273,5470,5553,5868
6428,5465,5301,5324,4700,4307,4407,4146,5202,5129,4602,4953,5040,4937,5130,4773,5273,5470,5553,5868,5322
5465,5301,5324,4700,4307,4407,4146,5202,5129,4602,4953,5040,4937,5130,4773,5273,5470,5553,5868,5322,6901
5301,5324,4700,4307,4407,4146,5202,5129,4602,4953,5040,4937,5130,4773,5273,5470,5553,5868,5322,6901,6964
5324,4700,4307,4407,4146,5202,5129,4602,4953,5040,4937,5130,4773,5273,5470,5553,5868,5322,6901,6964,6471
4700,4307,4407,4146,5202,5129,4602,4953,5040,4937,5130,4773,5273,5470,5553,5868,5322,6901,6964,6471,6499
4307,4407,4146,5202,5129,4602,4953,5040,4937,5130,4773,5273,5470,5553,5868,5322,6901,6964,6471,6499,6223
4407,4146,5202,5129,4602,4953,5040,4937,5130,4773,5273,5470,5553,5868,5322,6901,6964,6471,6499,6223,7116
4146,5202,5129,4602,4953,5040,4937,5130,4773,5273,5470,5553,5868,5322,6901,6964,6471,6499,6223,7116,7223
5202,5129,4602,4953,5040,4937,5130,4773,5273,5470,5553,5868,5322,6901,6964,6471,6499,6223,7116,7223,8579
5129,4602,4953,5040,4937,5130,4773,5273,5470,5553,5868,5322,6901,6964,6471,6499,6223,7116,7223,8579,8644
4602,4953,5040,4937,5130,4773,5273,5470,5553,5868,5322,6901,6964,6471,6499,6223,7116,7223,8579,8644,8771
4953,5040,4937,5130,4773,5273,5470,5553,5868,5322,6901,6964,6471,6499,6223,7116,7223,8579,8644,8771,9097
5040,4937,5130,4773,5273,5470,5553,5868,5322,6901,6964,6471,6499,6223,7116,7223,8579,8644,8771,9097,9834
4937,5130,4773,5273,5470,5553,5868,5322,6901,6964,6471,6499,6223,7116,7223,8579,8644,8771,9097,9834,8910
5130,4773,5273,5470,5553,5868,5322,6901,6964,6471,6499,6223,7116,7223,8579,8644,8771,9097,9834,8910,7287
4773,5273,5470,5553,5868,5322,6901,6964,6471,6499,6223,7116,7223,8579,8644,8771,9097,9834,8910,7287,7946
5273,5470,5553,5868,5322,6901,6964,6471,6499,6223,7116,7223,8579,8644,8771,9097,9834,8910,7287,7946,7408
5470,5553,5868,5322,6901,6964,6471,6499,6223,7116,7223,8579,8644,8771,9097,9834,8910,7287,7946,7408,7493
5553,5868,5322,6901,6964,6471,6499,6223,7116,7223,8579,8644,8771,9097,9834,8910,7287,7946,7408,7493,8930
5868,5322,6901,6964,6471,6499,6223,7116,7223,8579,8644,8771,9097,9834,8910,7287,7946,7408,7493,8930,7932
5322,6901,6964,6471,6499,6223,7116,7223,8579,8644,8771,9097,9834,8910,7287,7946,7408,7493,8930,7932,8234
6901,6964,6471,6499,6223,7116,7223,8579,8644,8771,9097,9834,8910,7287,7946,7408,7493,8930,7932,8234,9655
6964,6471,6499,6223,7116,7223,8579,8644,8771,9097,9834,8910,7287,7946,7408,7493,8930,7932,8234,9655,9561
6471,6499,6223,7116,7223,8579,8644,8771,9097,9834,8910,7287,7946,7408,7493,8930,7932,8234,9655,9561,9118
6499,6223,7116,7223,8579,8644,8771,9097,9834,8910,7287,7946,7408,7493,8930,7932,8234,9655,9561,9118,8168
6223,7116,7223,8579,8644,8771,9097,9834,8910,7287,7946,7408,7493,8930,7932,8234,9655,9561,9118,8168,7978
7116,7223,8579,8644,8771,9097,9834,8910,7287,7946,7408,7493,8930,7932,8234,9655,9561,9118,8168,7978,9735
7223,8579,8644,8771,9097,9834,8910,7287,7946,7408,7493,8930,7932,8234,9655,9561,9118,8168,7978,9735,9881
8579,8644,8771,9097,9834,8910,7287,7946,7408,7493,8930,7932,8234,9655,9561,9118,8168,7978,9735,9881,10145
8644,8771,9097,9834,8910,7287,7946,7408,7493,8930,7932,8234,9655,9561,9118,8168,7978,9735,9881,10145,9667
8771,9097,9834,8910,7287,7946,7408,7493,8930,7932,8234,9655,9561,9118,8168,7978,9735,9881,10145,9667,8681
9097,9834,8910,7287,7946,7408,7493,8930,7932,8234,9655,9561,9118,8168,7978,9735,9881,10145,9667,8681,9555
9834,8910,7287,7946,7408,7493,8930,7932,8234,9655,9561,9118,8168,7978,9735,9881,10145,9667,8681,9555,10646
8910,7287,7946,7408,7493,8930,7932,8234,9655,9561,9118,8168,7978,9735,9881,10145,9667,8681,9555,10646,10501
7287,7946,7408,7493,8930,7932,8234,9655,9561,9118,8168,7978,9735,9881,10145,9667,8681,9555,10646,10501,10556
7946,7408,7493,8930,7932,8234,9655,9561,9118,8168,7978,9735,9881,10145,9667,8681,9555,10646,10501,10556,12009
7408,7493,8930,7932,8234,9655,9561,9118,8168,7978,9735,9881,10145,9667,8681,9555,10646,10501,10556,12009,10427
7493,8930,7932,8234,9655,9561,9118,8168,7978,9735,9881,10145,9667,8681,9555,10646,10501,10556,12009,10427,11115
8930,7932,8234,9655,9561,9118,8168,7978,9735,9881,10145,9667,8681,9555,10646,10501,10556,12009,10427,11115,12410
7932,8234,9655,9561,9118,8168,7978,9735,9881,10145,9667,8681,9555,10646,10501,10556,12009,10427,11115,12410,11956
8234,9655,9561,9118,8168,7978,9735,9881,10145,9667,8681,9555,10646,10501,10556,12009,10427,11115,12410,11956,13269
9655,9561,9118,8168,7978,9735,9881,10145,9667,8681,9555,10646,10501,10556,12009,10427,11115,12410,11956,13269,12675
9561,9118,8168,7978,9735,9881,10145,9667,8681,9555,10646,10501,10556,12009,10427,11115,12410,11956,13269,12675,13237
9118,8168,7978,9735,9881,10145,9667,8681,9555,10646,10501,10556,12009,10427,11115,12410,11956,13269,12675,13237,13159
8168,7978,9735,9881,10145,9667,8681,9555,10646,10501,10556,12009,10427,11115,12410,11956,13269,12675,13237,13159,11423
7978,9735,9881,10145,9667,8681,9555,10646,10501,10556,12009,10427,11115,12410,11956,13269,12675,13237,13159,11423,13889
9735,9881,10145,9667,8681,9555,10646,10501,10556,12009,10427,11115,12410,11956,13269,12675,13237,13159,11423,13889,12851
9881,10145,9667,8681,9555,10646,10501,10556,12009,10427,11115,12410,11956,13269,12675,13237,13159,11423,13889,12851,14947
10145,9667,8681,9555,10646,10501,10556,12009,10427,11115,12410,11956,13269,12675,13237,13159,11423,13889,12851,14947,13549
9667,8681,9555,10646,10501,10556,12009,10427,11115,12410,11956,13269,12675,13237,13159,11423,13889,12851,14947,13549,12569
8681,9555,10646,10501,10556,12009,10427,11115,12410,11956,13269,12675,13237,13159,11423,13889,12851,14947,13549,12569,12642
9555,10646,10501,10556,12009,10427,11115,12410,11956,13269,12675,13237,13159,11423,13889,12851,14947,13549,12569,12642,13122
10646,10501,10556,12009,10427,11115,12410,11956,13269,12675,13237,13159,11423,13889,12851,14947,13549,12569,12642,13122,13246
10501,10556,12009,10427,11115,12410,11956,13269,12675,13237,13159,11423,13889,12851,14947,13549,12569,12642,13122,13246,13330
10556,12009,10427,11115,12410,11956,13269,12675,13237,13159,11423,13889,12851,14947,13549,12569,12642,13122,13246,13330,12049
12009,10427,11115,12410,11956,13269,12675,13237,13159,11423,13889,12851,14947,13549,12569,12642,13122,13246,13330,12049,13644
10427,11115,12410,11956,13269,12675,13237,13159,11423,13889,12851,14947,13549,12569,12642,13122,13246,13330,12049,13644,13524
11115,12410,11956,13269,12675,13237,13159,11423,13889,12851,14947,13549,12569,12642,13122,13246,13330,12049,13644,13524,13979
12410,11956,13269,12675,13237,13159,11423,13889,12851,14947,13549,12569,12642,13122,13246,13330,12049,13644,13524,13979,15015
11956,13269,12675,13237,13159,11423,13889,12851,14947,13549,12569,12642,13122,13246,13330,12049,13644,13524,13979,15015,15283
13269,12675,13237,13159,11423,13889,12851,14947,13549,12569,12642,13122,13246,13330,12049,13644,13524,13979,15015,15283,14550
12675,13237,13159,11423,13889,12851,14947,13549,12569,12642,13122,13246,13330,12049,13644,13524,13979,15015,15283,14550,12515
13237,13159,11423,13889,12851,14947,13549,12569,12642,13122,13246,13330,12049,13644,13524,13979,15015,15283,14550,12515,14852
13159,11423,13889,12851,14947,13549,12569,12642,13122,13246,13330,12049,13644,13524,13979,15015,15283,14550,12515,14852,11723
11423,13889,12851,14947,13549,12569,12642,13122,13246,13330,12049,13644,13524,13979,15015,15283,14550,12515,14852,11723,13676
13889,12851,14947,13549,12569,12642,13122,13246,13330,12049,13644,13524,13979,15015,15283,14550,12515,14852,11723,13676,13972
12851,14947,13549,12569,12642,13122,13246,13330,12049,13644,13524,13979,15015,15283,14550,12515,14852,11723,13676,13972,12538
14947,13549,12569,12642,13122,13246,13330,12049,13644,13524,13979,15015,15283,14550,12515,14852,11723,13676,13972,12538,13307
13549,12569,12642,13122,13246,13330,12049,13644,13524,13979,15015,15283,14550,12515,14852,11723,13676,13972,12538,13307,13001
12569,12642,13122,13246,13330,12049,13644,13524,13979,15015,15283,14550,12515,14852,11723,13676,13972,12538,13307,13001,13840
12642,13122,13246,13330,12049,13644,13524,13979,15015,15283,14550,12515,14852,11723,13676,13972,12538,13307,13001,13840,11812
13122,13246,13330,12049,13644,13524,13979,15015,15283,14550,12515,14852,11723,13676,13972,12538,13307,13001,13840,11812,12160
13246,13330,12049,13644,13524,13979,15015,15283,14550,12515,14852,11723,13676,13972,12538,13307,13001,13840,11812,12160,13487
13330,12049,13644,13524,13979,15015,15283,14550,12515,14852,11723,13676,13972,12538,13307,13001,13840,11812,12160,13487,13845
12049,13644,13524,13979,15015,15283,14550,12515,14852,11723,13676,13972,12538,13307,13001,13840,11812,12160,13487,13845,12390
13644,13524,13979,15015,15283,14550,12515,14852,11723,13676,13972,12538,13307,13001,13840,11812,12160,13487,13845,12390,9849
13524,13979,15015,15283,14550,12515,14852,11723,13676,13972,12538,13307,13001,13840,11812,12160,13487,13845,12390,9849,11262
13979,15015,15283,14550,12515,14852,11723,13676,13972,12538,13307,13001,13840,11812,12160,13487,13845,12390,9849,11262,10976
15015,15283,14550,12515,14852,11723,13676,13972,12538,13307,13001,13840,11812,12160,13487,13845,12390,9849,11262,10976,10038
15283,14550,12515,14852,11723,13676,13972,12538,13307,13001,13840,11812,12160,13487,13845,12390,9849,11262,10976,10038,11109
14550,12515,14852,11723,13676,13972,12538,13307,13001,13840,11812,12160,13487,13845,12390,9849,11262,10976,10038,11109,11011
12515,14852,11723,13676,13972,12538,13307,13001,13840,11812,12160,13487,13845,12390,9849,11262,10976,10038,11109,11011,10079
14852,11723,13676,13972,12538,13307,13001,13840,11812,12160,13487,13845,12390,9849,11262,10976,10038,11109,11011,10079,11877
11723,13676,13972,12538,13307,13001,13840,11812,12160,13487,13845,12390,9849,11262,10976,10038,11109,11011,10079,11877,10177
13676,13972,12538,13307,13001,13840,11812,12160,13487,13845,12390,9849,11262,10976,10038,11109,11011,10079,11877,10177,10213
13972,12538,13307,13001,13840,11812,12160,13487,13845,12390,9849,11262,10976,10038,11109,11011,10079,11877,10177,10213,10713
12538,13307,13001,13840,11812,12160,13487,13845,12390,9849,11262,10976,10038,11109,11011,10079,11877,10177,10213,10713,9699
13307,13001,13840,11812,12160,13487,13845,12390,9849,11262,10976,10038,11109,11011,10079,11877,10177,10213,10713,9699,10792
13001,13840,11812,12160,13487,13845,12390,9849,11262,10976,10038,11109,11011,10079,11877,10177,10213,10713,9699,10792,9701
13840,11812,12160,13487,13845,12390,9849,11262,10976,10038,11109,11011,10079,11877,10177,10213,10713,9699,10792,9701,9924
11812,12160,13487,13845,12390,9849,11262,10976,10038,11109,11011,10079,11877,10177,10213,10713,9699,10792,9701,9924,10156
12160,13487,13845,12390,9849,11262,10976,10038,11109,11011,10079,11877,10177,10213,10713,9699,10792,9701,9924,10156,9182
13487,13845,12390,9849,11262,10976,10038,11109,11011,10079,11877,10177,10213,10713,9699,10792,9701,9924,10156,9182,9363
13845,12390,9849,11262,10976,10038,11109,11011,10079,11877,10177,10213,10713,9699,10792,9701,9924,10156,9182,9363,9277
12390,9849,11262,10976,10038,11109,11011,10079,11877,10177,10213,10713,9699,10792,9701,9924,10156,9182,9363,9277,8911
9849,11262,10976,10038,11109,11011,10079,11877,10177,10213,10713,9699,10792,9701,9924,10156,9182,9363,9277,8911,8808
11262,10976,10038,11109,11011,10079,11877,10177,10213,10713,9699,10792,9701,9924,10156,9182,9363,9277,8911,8808,9404
10976,10038,11109,11011,10079,11877,10177,10213,10713,9699,10792,9701,9924,10156,9182,9363,9277,8911,8808,9404,9675
10038,11109,11011,10079,11877,10177,10213,10713,9699,10792,9701,9924,10156,9182,9363,9277,8911,8808,9404,9675,8622
11109,11011,10079,11877,10177,10213,10713,9699,10792,9701,9924,10156,9182,9363,9277,8911,8808,9404,9675,8622,6543
11011,10079,11877,10177,10213,10713,9699,10792,9701,9924,10156,9182,9363,9277,8911,8808,9404,9675,8622,6543,8037
10079,11877,10177,10213,10713,9699,10792,9701,9924,10156,9182,9363,9277,8911,8808,9404,9675,8622,6543,8037,7264
11877,10177,10213,10713,9699,10792,9701,9924,10156,9182,9363,9277,8911,8808,9404,9675,8622,6543,8037,7264,6940
10177,10213,10713,9699,10792,9701,9924,10156,9182,9363,9277,8911,8808,9404,9675,8622,6543,8037,7264,6940,6637
10213,10713,9699,10792,9701,9924,10156,9182,9363,9277,8911,8808,9404,9675,8622,6543,8037,7264,6940,6637,6640
10713,9699,10792,9701,9924,10156,9182,9363,9277,8911,8808,9404,9675,8622,6543,8037,7264,6940,6637,6640,7280
9699,10792,9701,9924,10156,9182,9363,9277,8911,8808,9404,9675,8622,6543,8037,7264,6940,6637,6640,7280,7531
10792,9701,9924,10156,9182,9363,9277,8911,8808,9404,9675,8622,6543,8037,7264,6940,6637,6640,7280,7531,8387
9701,9924,10156,9182,9363,9277,8911,8808,9404,9675,8622,6543,8037,7264,6940,6637,6640,7280,7531,8387,8016
9924,10156,9182,9363,9277,8911,8808,9404,9675,8622,6543,8037,7264,6940,6637,6640,7280,7531,8387,8016,6931
10156,9182,9363,9277,8911,8808,9404,9675,8622,6543,8037,7264,6940,6637,6640,7280,7531,8387,8016,6931,7085
9182,9363,9277,8911,8808,9404,9675,8622,6543,8037,7264,6940,6637,6640,7280,7531,8387,8016,6931,7085,7970
9363,9277,8911,8808,9404,9675,8622,6543,8037,7264,6940,6637,6640,7280,7531,8387,8016,6931,7085,7970,7310
9277,8911,8808,9404,9675,8622,6543,8037,7264,6940,6637,6640,7280,7531,8387,8016,6931,7085,7970,7310,8319
8911,8808,9404,9675,8622,6543,8037,7264,6940,6637,6640,7280,7531,8387,8016,6931,7085,7970,7310,8319,6216
8808,9404,9675,8622,6543,8037,7264,6940,6637,6640,7280,7531,8387,8016,6931,7085,7970,7310,8319,6216,5483
9404,9675,8622,6543,8037,7264,6940,6637,6640,7280,7531,8387,8016,6931,7085,7970,7310,8319,6216,5483,5731
9675,8622,6543,8037,7264,6940,6637,6640,7280,7531,8387,8016,6931,7085,7970,7310,8319,6216,5483,5731,5791
8622,6543,8037,7264,6940,6637,6640,7280,7531,8387,8016,6931,7085,7970,7310,8319,6216,5483,5731,5791,6420
6543,8037,7264,6940,6637,6640,7280,7531,8387,8016,6931,7085,7970,7310,8319,6216,5483,5731,5791,6420,5647
8037,7264,6940,6637,6640,7280,7531,8387,8016,6931,7085,7970,7310,8319,6216,5483,5731,5791,6420,5647,5444
7264,6940,6637,6640,7280,7531,8387,8016,6931,7085,7970,7310,8319,6216,5483,5731,5791,6420,5647,5444,6103
6940,6637,6640,7280,7531,8387,8016,6931,7085,7970,7310,8319,6216,5483,5731,5791,6420,5647,5444,6103,5708
6637,6640,7280,7531,8387,8016,6931,7085,7970,7310,8319,6216,5483,5731,5791,6420,5647,5444,6103,5708,6829
6640,7280,7531,8387,8016,6931,7085,7970,7310,8319,6216,5483,5731,5791,6420,5647,5444,6103,5708,6829,5181
7280,7531,8387,8016,6931,7085,7970,7310,8319,6216,5483,5731,5791,6420,5647,5444,6103,5708,6829,5181,4867
7531,8387,8016,6931,7085,7970,7310,8319,6216,5483,5731,5791,6420,5647,5444,6103,5708,6829,5181,4867,4881
8387,8016,6931,7085,7970,7310,8319,6216,5483,5731,5791,6420,5647,5444,6103,5708,6829,5181,4867,4881,4945
8016,6931,7085,7970,7310,8319,6216,5483,5731,5791,6420,5647,5444,6103,5708,6829,5181,4867,4881,4945,4490
6931,7085,7970,7310,8319,6216,5483,5731,5791,6420,5647,5444,6103,5708,6829,5181,4867,4881,4945,4490,5328
7085,7970,7310,8319,6216,5483,5731,5791,6420,5647,5444,6103,5708,6829,5181,4867,4881,4945,4490,5328,5107
7970,7310,8319,6216,5483,5731,5791,6420,5647,5444,6103,5708,6829,5181,4867,4881,4945,4490,5328,5107,4331
7310,8319,6216,5483,5731,5791,6420,5647,5444,6103,5708,6829,5181,4867,4881,4945,4490,5328,5107,4331,5081
8319,6216,5483,5731,5791,6420,5647,5444,6103,5708,6829,5181,4867,4881,4945,4490,5328,5107,4331,5081,4739
6216,5483,5731,5791,6420,5647,5444,6103,5708,6829,5181,4867,4881,4945,4490,5328,5107,4331,5081,4739,4429
5483,5731,5791,6420,5647,5444,6103,5708,6829,5181,4867,4881,4945,4490,5328,5107,4331,5081,4739,4429,4956
5731,5791,6420,5647,5444,6103,5708,6829,5181,4867,4881,4945,4490,5328,5107,4331,5081,4739,4429,4956,4850
5791,6420,5647,5444,6103,5708,6829,5181,4867,4881,4945,4490,5328,5107,4331,5081,4739,4429,4956,4850,5160
6420,5647,5444,6103,5708,6829,5181,4867,4881,4945,4490,5328,5107,4331,5081,4739,4429,4956,4850,5160,5073
5647,5444,6103,5708,6829,5181,4867,4881,4945,4490,5328,5107,4331,5081,4739,4429,4956,4850,5160,5073,5268
5444,6103,5708,6829,5181,4867,4881,4945,4490,5328,5107,4331,5081,4739,4429,4956,4850,5160,5073,5268,5910
6103,5708,6829,5181,4867,4881,4945,4490,5328,5107,4331,5081,4739,4429,4956,4850,5160,5073,5268,5910,5638
5708,6829,5181,4867,4881,4945,4490,5328,5107,4331,5081,4739,4429,4956,4850,5160,5073,5268,5910,5638,6374
6829,5181,4867,4881,4945,4490,5328,5107,4331,5081,4739,4429,4956,4850,5160,5073,5268,5910,5638,6374,5506
5181,4867,4881,4945,4490,5328,5107,4331,5081,4739,4429,4956,4850,5160,5073,5268,5910,5638,6374,5506,6209
4867,4881,4945,4490,5328,5107,4331,5081,4739,4429,4956,4850,5160,5073,5268,5910,5638,6374,5506,6209,7519
4881,4945,4490,5328,5107,4331,5081,4739,4429,4956,4850,5160,5073,5268,5910,5638,6374,5506,6209,7519,5310
4945,4490,5328,5107,4331,5081,4739,4429,4956,4850,5160,5073,5268,5910,5638,6374,5506,6209,7519,5310,5743
4490,5328,5107,4331,5081,4739,4429,4956,4850,5160,5073,5268,5910,5638,6374,5506,6209,7519,5310,5743,6490
5328,5107,4331,5081,4739,4429,4956,4850,5160,5073,5268,5910,5638,6374,5506,6209,7519,5310,5743,6490,8007
5107,4331,5081,4739,4429,4956,4850,5160,5073,5268,5910,5638,6374,5506,6209,7519,5310,5743,6490,8007,8783
4331,5081,4739,4429,4956,4850,5160,5073,5268,5910,5638,6374,5506,6209,7519,5310,5743,6490,8007,8783,8588
5081,4739,4429,4956,4850,5160,5073,5268,5910,5638,6374,5506,6209,7519,5310,5743,6490,8007,8783,8588,9619
4739,4429,4956,4850,5160,5073,5268,5910,5638,6374,5506,6209,7519,5310,5743,6490,8007,8783,8588,9619,9726
4429,4956,4850,5160,5073,5268,5910,5638,6374,5506,6209,7519,5310,5743,6490,8007,8783,8588,9619,9726,9676
4956,4850,5160,5073,5268,5910,5638,6374,5506,6209,7519,5310,5743,6490,8007,8783,8588,9619,9726,9676,8767
4850,5160,5073,5268,5910,5638,6374,5506,6209,7519,5310,5743,6490,8007,8783,8588,9619,9726,9676,8767,9858
5160,5073,5268,5910,5638,6374,5506,6209,7519,5310,5743,6490,8007,8783,8588,9619,9726,9676,8767,9858,9973
5073,5268,5910,5638,6374,5506,6209,7519,5310,5743,6490,8007,8783,8588,9619,9726,9676,8767,9858,9973,9699
5268,5910,5638,6374,5506,6209,7519,5310,5743,6490,8007,8783,8588,9619,9726,9676,8767,9858,9973,9699,10830
5910,5638,6374,5506,6209,7519,5310,5743,6490,8007,8783,8588,9619,9726,9676,8767,9858,9973,9699,10830,10310
5638,6374,5506,6209,7519,5310,5743,6490,8007,8783,8588,9619,9726,9676,8767,9858,9973,9699,10830,10310,11213
6374,5506,6209,7519,5310,5743,6490,8007,8783,8588,9619,9726,9676,8767,9858,9973,9699,10830,10310,11213,11308
5506,6209,7519,5310,5743,6490,8007,8783,8588,9619,9726,9676,8767,9858,9973,9699,10830,10310,11213,11308,10889
6209,7519,5310,5743,6490,8007,8783,8588,9619,9726,9676,8767,9858,9973,9699,10830,10310,11213,11308,10889,10314
7519,5310,5743,6490,8007,8783,8588,9619,9726,9676,8767,9858,9973,9699,10830,10310,11213,11308,10889,10314,11084
5310,5743,6490,8007,8783,8588,9619,9726,9676,8767,9858,9973,9699,10830,10310,11213,11308,10889,10314,11084,10354
5743,6490,8007,8783,8588,9619,9726,9676,8767,9858,9973,9699,10830,10310,11213,11308,10889,10314,11084,10354,10816
6490,8007,8783,8588,9619,9726,9676,8767,9858,9973,9699,10830,10310,11213,11308,10889,10314,11084,10354,10816,10500
8007,8783,8588,9619,9726,9676,8767,9858,9973,9699,10830,10310,11213,11308,10889,10314,11084,10354,10816,10500,10594
8783,8588,9619,9726,9676,8767,9858,9973,9699,10830,10310,11213,11308,10889,10314,11084,10354,10816,10500,10594,11583
8588,9619,9726,9676,8767,9858,9973,9699,10830,10310,11213,11308,10889,10314,11084,10354,10816,10500,10594,11583,10294
9619,9726,9676,8767,9858,9973,9699,10830,10310,11213,11308,10889,10314,11084,10354,10816,10500,10594,11583,10294,12019
9726,9676,8767,9858,9973,9699,10830,10310,11213,11308,10889,10314,11084,10354,10816,10500,10594,11583,10294,12019,14168
9676,8767,9858,9973,9699,10830,10310,11213,11308,10889,10314,11084,10354,10816,10500,10594,11583,10294,12019,14168,12445
8767,9858,9973,9699,10830,10310,11213,11308,10889,10314,11084,10354,10816,10500,10594,11583,10294,12019,14168,12445,11616
9858,9973,9699,10830,10310,11213,11308,10889,10314,11084,10354,10816,10500,10594,11583,10294,12019,14168,12445,11616,11611
9973,9699,10830,10310,11213,11308,10889,10314,11084,10354,10816,10500,10594,11583,10294,12019,14168,12445,11616,11611,14856
9699,10830,10310,11213,11308,10889,10314,11084,10354,10816,10500,10594,11583,10294,12019,14168,12445,11616,11611,14856,11714
10830,10310,11213,11308,10889,10314,11084,10354,10816,10500,10594,11583,10294,12019,14168,12445,11616,11611,14856,11714,14946
10310,11213,11308,10889,10314,11084,10354,10816,10500,10594,11583,10294,12019,14168,12445,11616,11611,14856,11714,14946,14143
11213,11308,10889,10314,11084,10354,10816,10500,10594,11583,10294,12019,14168,12445,11616,11611,14856,11714,14946,14143,15283
11308,10889,10314,11084,10354,10816,10500,10594,11583,10294,12019,14168,12445,11616,11611,14856,11714,14946,14143,15283,16026
10889,10314,11084,10354,10816,10500,10594,11583,10294,12019,14168,12445,11616,11611,14856,11714,14946,14143,15283,16026,16116
10314,11084,10354,10816,10500,10594,11583,10294,12019,14168,12445,11616,11611,14856,11714,14946,14143,15283,16026,16116,15095
11084,10354,10816,10500,10594,11583,10294,12019,14168,12445,11616,11611,14856,11714,14946,14143,15283,16026,16116,15095,15048
10354,10816,10500,10594,11583,10294,12019,14168,12445,11616,11611,14856,11714,14946,14143,15283,16026,16116,15095,15048,18103
10816,10500,10594,11583,10294,12019,14168,12445,11616,11611,14856,11714,14946,14143,15283,16026,16116,15095,15048,18103,16772
10500,10594,11583,10294,12019,14168,12445,11616,11611,14856,11714,14946,14143,15283,16026,16116,15095,15048,18103,16772,16445
10594,11583,10294,12019,14168,12445,11616,11611,14856,11714,14946,14143,15283,16026,16116,15095,15048,18103,16772,16445,16114
11583,10294,12019,14168,12445,11616,11611,14856,11714,14946,14143,15283,16026,16116,15095,15048,18103,16772,16445,16114,15617
10294,12019,14168,12445,11616,11611,14856,11714,14946,14143,15283,16026,16116,15095,15048,18103,16772,16445,16114,15617,17780
12019,14168,12445,11616,11611,14856,11714,14946,14143,15283,16026,16116,15095,15048,18103,16772,16445,16114,15617,17780,16458
14168,12445,11616,11611,14856,11714,14946,14143,15283,16026,16116,15095,15048,18103,16772,16445,16114,15617,17780,16458,15152
12445,11616,11611,14856,11714,14946,14143,15283,16026,16116,15095,15048,18103,16772,16445,16114,15617,17780,16458,15152,14437
11616,11611,14856,11714,14946,14143,15283,16026,16116,15095,15048,18103,16772,16445,16114,15617,17780,16458,15152,14437,18821
11611,14856,11714,14946,14143,15283,16026,16116,15095,15048,18103,16772,16445,16114,15617,17780,16458,15152,14437,18821,18887
14856,11714,14946,14143,15283,16026,16116,15095,15048,18103,16772,16445,16114,15617,17780,16458,15152,14437,18821,18887,15051
11714,14946,14143,15283,16026,16116,15095,15048,18103,16772,16445,16114,15617,17780,16458,15152,14437,18821,18887,15051,17705
14946,14143,15283,16026,16116,15095,15048,18103,16772,16445,16114,15617,17780,16458,15152,14437,18821,18887,15051,17705,17830
14143,15283,16026,16116,15095,15048,18103,16772,16445,16114,15617,17780,16458,15152,14437,18821,18887,15051,17705,17830,15333
15283,16026,16116,15095,15048,18103,16772,16445,16114,15617,17780,16458,15152,14437,18821,18887,15051,17705,17830,15333,17085
16026,16116,15095,15048,18103,16772,16445,16114,15617,17780,16458,15152,14437,18821,18887,15051,17705,17830,15333,17085,15922
16116,15095,15048,18103,16772,16445,16114,15617,17780,16458,15152,14437,18821,18887,15051,17705,17830,15333,17085,15922,17123
15095,15048,18103,16772,16445,16114,15617,17780,16458,15152,14437,18821,18887,15051,17705,17830,15333,17085,15922,17123,17307
15048,18103,16772,16445,16114,15617,17780,16458,15152,14437,18821,18887,15051,17705,17830,15333,17085,15922,17123,17307,16825
18103,16772,16445,16114,15617,17780,16458,15152,14437,18821,18887,15051,17705,17830,15333,17085,15922,17123,17307,16825,16412
16772,16445,16114,15617,17780,16458,15152,14437,18821,18887,15051,17705,17830,15333,17085,15922,17123,17307,16825,16412,15689
16445,16114,15617,17780,16458,15152,14437,18821,18887,15051,17705,17830,15333,17085,15922,17123,17307,16825,16412,15689,15064
16114,15617,17780,16458,15152,14437,18821,18887,15051,17705,17830,15333,17085,15922,17123,17307,16825,16412,15689,15064,15111
15617,17780,16458,15152,14437,18821,18887,15051,17705,17830,15333,17085,15922,17123,17307,16825,16412,15689,15064,15111,14951
17780,16458,15152,14437,18821,18887,15051,17705,17830,15333,17085,15922,17123,17307,16825,16412,15689,15064,15111,14951,13600
16458,15152,14437,18821,18887,15051,17705,17830,15333,17085,15922,17123,17307,16825,16412,15689,15064,15111,14951,13600,15357
15152,14437,18821,18887,15051,17705,17830,15333,17085,15922,17123,17307,16825,16412,15689,15064,15111,14951,13600,15357,15657
14437,18821,18887,15051,17705,17830,15333,17085,15922,17123,17307,16825,16412,15689,15064,15111,14951,13600,15357,15657,15849
18821,18887,15051,17705,17830,15333,17085,15922,17123,17307,16825,16412,15689,15064,15111,14951,13600,15357,15657,15849,16825
18887,15051,17705,17830,15333,17085,15922,17123,17307,16825,16412,15689,15064,15111,14951,13600,15357,15657,15849,16825,16616
15051,17705,17830,15333,17085,15922,17123,17307,16825,16412,15689,15064,15111,14951,13600,15357,15657,15849,16825,16616,16643
17705,17830,15333,17085,15922,17123,17307,16825,16412,15689,15064,15111,14951,13600,15357,15657,15849,16825,16616,16643,15271
17830,15333,17085,15922,17123,17307,16825,16412,15689,15064,15111,14951,13600,15357,15657,15849,16825,16616,16643,15271,13889
15333,17085,15922,17123,17307,16825,16412,15689,15064,15111,14951,13600,15357,15657,15849,16825,16616,16643,15271,13889,15737
17085,15922,17123,17307,16825,16412,15689,15064,15111,14951,13600,15357,15657,15849,16825,16616,16643,15271,13889,15737,14562
15922,17123,17307,16825,16412,15689,15064,15111,14951,13600,15357,15657,15849,16825,16616,16643,15271,13889,15737,14562,12920
17123,17307,16825,16412,15689,15064,15111,14951,13600,15357,15657,15849,16825,16616,16643,15271,13889,15737,14562,12920,14106
17307,16825,16412,15689,15064,15111,14951,13600,15357,15657,15849,16825,16616,16643,15271,13889,15737,14562,12920,14106,14641
16825,16412,15689,15064,15111,14951,13600,15357,15657,15849,16825,16616,16643,15271,13889,15737,14562,12920,14106,14641,13959
16412,15689,15064,15111,14951,13600,15357,15657,15849,16825,16616,16643,15271,13889,15737,14562,12920,14106,14641,13959,13756
15689,15064,15111,14951,13600,15357,15657,15849,16825,16616,16643,15271,13889,15737,14562,12920,14106,14641,13959,13756,13862
15064,15111,14951,13600,15357,15657,15849,16825,16616,16643,15271,13889,15737,14562,12920,14106,14641,13959,13756,13862,10912
15111,14951,13600,15357,15657,15849,16825,16616,16643,15271,13889,15737,14562,12920,14106,14641,13959,13756,13862,10912,7797
14951,13600,15357,15657,15849,16825,16616,16643,15271,13889,15737,14562,12920,14106,14641,13959,13756,13862,10912,7797,1175
13600,15357,15657,15849,16825,16616,16643,15271,13889,15737,14562,12920,14106,14641,13959,13756,13862,10912,7797,1175,1309
15357,15657,15849,16825,16616,16643,15271,13889,15737,14562,12920,14106,14641,13959,13756,13862,10912,7797,1175,1309,6622
15657,15849,16825,16616,16643,15271,13889,15737,14562,12920,14106,14641,13959,13756,13862,10912,7797,1175,1309,6622,10163
15849,16825,16616,16643,15271,13889,15737,14562,12920,14106,14641,13959,13756,13862,10912,7797,1175,1309,6622,10163,12321
16825,16616,16643,15271,13889,15737,14562,12920,14106,14641,13959,13756,13862,10912,7797,1175,1309,6622,10163,12321,10990
